CREATE DATABASE  IF NOT EXISTS `techpulse` /*!40100 DEFAULT CHARACTER SET utf8mb4 COLLATE utf8mb4_0900_ai_ci */ /*!80016 DEFAULT ENCRYPTION='N' */;
USE `techpulse`;
-- MySQL dump 10.13  Distrib 8.0.44, for Win64 (x86_64)
--
-- Host: localhost    Database: techpulse
-- ------------------------------------------------------
-- Server version	8.0.44

/*!40101 SET @OLD_CHARACTER_SET_CLIENT=@@CHARACTER_SET_CLIENT */;
/*!40101 SET @OLD_CHARACTER_SET_RESULTS=@@CHARACTER_SET_RESULTS */;
/*!40101 SET @OLD_COLLATION_CONNECTION=@@COLLATION_CONNECTION */;
/*!50503 SET NAMES utf8 */;
/*!40103 SET @OLD_TIME_ZONE=@@TIME_ZONE */;
/*!40103 SET TIME_ZONE='+00:00' */;
/*!40014 SET @OLD_UNIQUE_CHECKS=@@UNIQUE_CHECKS, UNIQUE_CHECKS=0 */;
/*!40014 SET @OLD_FOREIGN_KEY_CHECKS=@@FOREIGN_KEY_CHECKS, FOREIGN_KEY_CHECKS=0 */;
/*!40101 SET @OLD_SQL_MODE=@@SQL_MODE, SQL_MODE='NO_AUTO_VALUE_ON_ZERO' */;
/*!40111 SET @OLD_SQL_NOTES=@@SQL_NOTES, SQL_NOTES=0 */;

--
-- Table structure for table `article_authors`
--

DROP TABLE IF EXISTS `article_authors`;
/*!40101 SET @saved_cs_client     = @@character_set_client */;
/*!50503 SET character_set_client = utf8mb4 */;
CREATE TABLE `article_authors` (
  `article_id` int NOT NULL,
  `author_id` int NOT NULL,
  PRIMARY KEY (`article_id`,`author_id`),
  KEY `fk_article_authors_author` (`author_id`),
  CONSTRAINT `fk_article_authors_article` FOREIGN KEY (`article_id`) REFERENCES `articles` (`article_id`) ON DELETE CASCADE ON UPDATE CASCADE,
  CONSTRAINT `fk_article_authors_author` FOREIGN KEY (`author_id`) REFERENCES `authors` (`author_id`) ON DELETE RESTRICT ON UPDATE CASCADE
) ENGINE=InnoDB DEFAULT CHARSET=utf8mb4 COLLATE=utf8mb4_0900_ai_ci;
/*!40101 SET character_set_client = @saved_cs_client */;

--
-- Dumping data for table `article_authors`
--

LOCK TABLES `article_authors` WRITE;
/*!40000 ALTER TABLE `article_authors` DISABLE KEYS */;
INSERT INTO `article_authors` VALUES (2,6),(5,7),(39,7),(6,8),(7,9),(8,10),(41,10),(9,11),(11,12),(14,13),(17,13),(23,13),(44,13),(47,13),(15,14),(21,14),(51,14),(16,15),(43,15),(20,16),(22,17),(25,18),(28,18),(55,18),(26,19),(27,20),(29,20),(30,21),(32,21),(31,22),(33,23),(34,24),(34,25),(37,26),(40,26),(42,27),(45,28),(46,29),(48,30),(50,31),(52,31),(56,32),(57,33),(58,33),(59,33),(63,33),(60,34),(61,34),(62,34),(84,35);
/*!40000 ALTER TABLE `article_authors` ENABLE KEYS */;
UNLOCK TABLES;

--
-- Table structure for table `article_companies`
--

DROP TABLE IF EXISTS `article_companies`;
/*!40101 SET @saved_cs_client     = @@character_set_client */;
/*!50503 SET character_set_client = utf8mb4 */;
CREATE TABLE `article_companies` (
  `article_id` int NOT NULL,
  `company_id` int NOT NULL,
  PRIMARY KEY (`article_id`,`company_id`),
  KEY `fk_article_companies_company` (`company_id`),
  CONSTRAINT `fk_article_companies_article` FOREIGN KEY (`article_id`) REFERENCES `articles` (`article_id`) ON DELETE CASCADE ON UPDATE CASCADE,
  CONSTRAINT `fk_article_companies_company` FOREIGN KEY (`company_id`) REFERENCES `companies` (`company_id`) ON DELETE RESTRICT ON UPDATE CASCADE
) ENGINE=InnoDB DEFAULT CHARSET=utf8mb4 COLLATE=utf8mb4_0900_ai_ci;
/*!40101 SET character_set_client = @saved_cs_client */;

--
-- Dumping data for table `article_companies`
--

LOCK TABLES `article_companies` WRITE;
/*!40000 ALTER TABLE `article_companies` DISABLE KEYS */;
/*!40000 ALTER TABLE `article_companies` ENABLE KEYS */;
UNLOCK TABLES;

--
-- Table structure for table `article_tags`
--

DROP TABLE IF EXISTS `article_tags`;
/*!40101 SET @saved_cs_client     = @@character_set_client */;
/*!50503 SET character_set_client = utf8mb4 */;
CREATE TABLE `article_tags` (
  `article_id` int NOT NULL,
  `tag_id` int NOT NULL,
  PRIMARY KEY (`article_id`,`tag_id`),
  KEY `fk_article_tags_tag` (`tag_id`),
  CONSTRAINT `fk_article_tags_article` FOREIGN KEY (`article_id`) REFERENCES `articles` (`article_id`) ON DELETE CASCADE ON UPDATE CASCADE,
  CONSTRAINT `fk_article_tags_tag` FOREIGN KEY (`tag_id`) REFERENCES `tags` (`tag_id`) ON DELETE RESTRICT ON UPDATE CASCADE
) ENGINE=InnoDB DEFAULT CHARSET=utf8mb4 COLLATE=utf8mb4_0900_ai_ci;
/*!40101 SET character_set_client = @saved_cs_client */;

--
-- Dumping data for table `article_tags`
--

LOCK TABLES `article_tags` WRITE;
/*!40000 ALTER TABLE `article_tags` DISABLE KEYS */;
INSERT INTO `article_tags` VALUES (5,1),(6,1),(8,1),(9,1),(10,1),(11,1),(16,1),(22,1),(30,1),(36,1),(38,1),(41,1),(43,1),(45,1),(46,1),(47,1),(48,1),(50,1),(52,1),(15,5),(21,5),(51,5),(5,6),(7,6),(19,6),(20,6),(36,6),(39,6),(46,6),(50,6),(52,6),(5,7),(5,8),(39,8),(5,9),(20,9),(22,9),(39,9),(5,10),(5,11),(6,11),(19,11),(20,11),(5,12),(6,13),(6,14),(6,15),(6,16),(6,17),(6,18),(6,19),(6,20),(7,21),(7,22),(8,23),(47,23),(55,23),(8,24),(8,25),(9,26),(10,26),(16,26),(52,26),(9,27),(9,28),(54,28),(10,29),(12,29),(13,29),(18,29),(19,29),(35,29),(36,29),(38,29),(49,29),(53,29),(54,29),(10,30),(10,31),(30,31),(41,31),(10,32),(11,33),(13,33),(17,33),(30,33),(42,33),(44,33),(45,33),(47,33),(48,33),(84,33),(11,34),(11,35),(17,35),(42,35),(44,35),(47,35),(12,36),(27,36),(29,36),(31,36),(32,36),(33,36),(34,36),(47,36),(55,36),(56,36),(12,37),(32,37),(45,37),(12,38),(32,38),(12,39),(54,39),(13,40),(13,41),(36,41),(14,42),(14,43),(17,43),(23,43),(47,43),(14,44),(23,44),(14,45),(14,46),(23,46),(15,47),(21,47),(15,48),(21,48),(51,48),(15,49),(51,49),(15,50),(16,51),(16,52),(17,53),(17,54),(44,54),(17,55),(44,55),(18,56),(18,57),(18,58),(18,59),(18,60),(18,61),(19,61),(49,61),(53,61),(19,62),(19,63),(19,64),(19,65),(20,66),(20,67),(20,68),(20,69),(26,69),(37,69),(40,69),(51,69),(20,70),(21,71),(21,72),(22,73),(37,73),(22,74),(22,75),(22,76),(43,76),(46,76),(22,77),(23,78),(25,84),(28,84),(25,85),(28,85),(33,85),(25,86),(26,86),(30,86),(32,86),(55,86),(25,87),(28,87),(26,88),(27,89),(34,89),(27,90),(34,90),(27,91),(27,92),(29,92),(30,92),(31,92),(32,92),(34,92),(55,92),(56,92),(28,93),(28,94),(29,95),(33,95),(56,95),(29,96),(33,96),(56,96),(31,97),(31,98),(40,98),(31,99),(32,100),(56,100),(32,101),(32,102),(55,102),(33,103),(34,104),(34,105),(34,106),(34,107),(35,108),(41,108),(35,109),(84,109),(35,110),(35,111),(35,112),(36,113),(36,114),(37,115),(37,116),(37,117),(37,118),(38,119),(38,120),(39,121),(39,122),(39,123),(39,124),(39,125),(39,126),(40,127),(40,128),(41,129),(48,129),(41,130),(41,131),(42,132),(43,133),(43,134),(46,134),(43,135),(44,136),(44,137),(45,138),(46,139),(46,140),(46,141),(46,142),(46,143),(47,144),(47,145),(55,145),(47,146),(48,147),(49,148),(49,149),(50,150),(50,151),(50,152),(50,153),(51,154),(51,155),(52,156),(52,157),(52,158),(52,159),(52,160),(52,161),(52,162),(53,163),(54,164),(54,165),(54,166),(54,167),(56,168),(84,169),(84,170),(84,171),(84,172);
/*!40000 ALTER TABLE `article_tags` ENABLE KEYS */;
UNLOCK TABLES;

--
-- Table structure for table `article_technologies`
--

DROP TABLE IF EXISTS `article_technologies`;
/*!40101 SET @saved_cs_client     = @@character_set_client */;
/*!50503 SET character_set_client = utf8mb4 */;
CREATE TABLE `article_technologies` (
  `article_id` int NOT NULL,
  `technology_id` int NOT NULL,
  PRIMARY KEY (`article_id`,`technology_id`),
  KEY `fk_article_technologies_technology` (`technology_id`),
  CONSTRAINT `fk_article_technologies_article` FOREIGN KEY (`article_id`) REFERENCES `articles` (`article_id`) ON DELETE CASCADE ON UPDATE CASCADE,
  CONSTRAINT `fk_article_technologies_technology` FOREIGN KEY (`technology_id`) REFERENCES `technologies` (`technology_id`) ON DELETE RESTRICT ON UPDATE CASCADE
) ENGINE=InnoDB DEFAULT CHARSET=utf8mb4 COLLATE=utf8mb4_0900_ai_ci;
/*!40101 SET character_set_client = @saved_cs_client */;

--
-- Dumping data for table `article_technologies`
--

LOCK TABLES `article_technologies` WRITE;
/*!40000 ALTER TABLE `article_technologies` DISABLE KEYS */;
/*!40000 ALTER TABLE `article_technologies` ENABLE KEYS */;
UNLOCK TABLES;

--
-- Table structure for table `articles`
--

DROP TABLE IF EXISTS `articles`;
/*!40101 SET @saved_cs_client     = @@character_set_client */;
/*!50503 SET character_set_client = utf8mb4 */;
CREATE TABLE `articles` (
  `article_id` int NOT NULL AUTO_INCREMENT,
  `article_url` varchar(500) NOT NULL,
  `source_id` int NOT NULL,
  `category_id` int NOT NULL,
  `title` varchar(300) NOT NULL,
  `summary` text,
  `content` longtext,
  `published_at` datetime DEFAULT NULL,
  `scraped_at` timestamp NOT NULL DEFAULT CURRENT_TIMESTAMP,
  `word_count` int DEFAULT NULL,
  `reading_time` smallint DEFAULT NULL,
  `content_hash` char(64) NOT NULL,
  `created_at` timestamp NOT NULL DEFAULT CURRENT_TIMESTAMP,
  `updated_at` timestamp NOT NULL DEFAULT CURRENT_TIMESTAMP ON UPDATE CURRENT_TIMESTAMP,
  PRIMARY KEY (`article_id`),
  UNIQUE KEY `article_url` (`article_url`),
  KEY `fk_articles_source` (`source_id`),
  KEY `fk_articles_category` (`category_id`),
  CONSTRAINT `fk_articles_category` FOREIGN KEY (`category_id`) REFERENCES `categories` (`category_id`),
  CONSTRAINT `fk_articles_source` FOREIGN KEY (`source_id`) REFERENCES `sources` (`source_id`)
) ENGINE=InnoDB AUTO_INCREMENT=105 DEFAULT CHARSET=utf8mb4 COLLATE=utf8mb4_0900_ai_ci;
/*!40101 SET character_set_client = @saved_cs_client */;

--
-- Dumping data for table `articles`
--

LOCK TABLES `articles` WRITE;
/*!40000 ALTER TABLE `articles` DISABLE KEYS */;
INSERT INTO `articles` VALUES (1,'https://example.com/article1',1,1,'OpenAI launches GPT-6','Summary','Content...','2026-07-01 16:57:49','2026-07-01 11:27:49',800,4,'975e142464715473da5ee472170039eb6fd43cbcb6d5e7da341ff04529ddfa68','2026-07-01 11:27:49','2026-07-01 11:27:49'),(2,'https://techcrunch.com/2026/07/07/savis-app-aims-to-protect-consumers-from-realistic-ai-scams-like-kidnappers-demanding-ransom/',1,10,'Savi’s app aims to protect consumers from realistic AI scams like kidnappers demanding ransom','Brothers Patrick and Ryan Coughlin, each with impressive careers in the tech industry...','Full article content here...','2026-07-07 05:00:00','2026-07-07 14:50:13',937,5,'632a3f3d2f2c423ea3f0e3f6c1d2dd0b2f8b8af76af8068165f62e395d8639ef','2026-07-07 14:50:13','2026-07-07 14:50:13'),(5,'https://techcrunch.com/2026/07/08/hot-french-startup-zml-releases-free-product-to-speed-inference-across-lots-of-ai-chips/',1,10,'Hot French startup ZML releases free product to speed inference across lots of AI chips','The days of Nvidia’s unparalleled market dominance aren’t over, but challengers and choices are arising from all directions.','The days of Nvidia’s unparalleled market dominance aren’t over, but challengers and choices are arising from all directions.\n\nZML , a hot French AI startup endorsed by Turing Award winner Yann LeCun, has released inference -performance software that allows a variety of open-source large language models to run on a variety of chips — including Nvidia’s, AMD’s, Google’s TPU, Apple Metal and Intel Arc.\n\nWith ZML/LLMD , the newly launched LLM inference server, the company’s ambition is to break existing silos and make different chips available for AI use cases at their maximum available speed, and sometimes faster, ZML founder Steeve Morin told TechCrunch.\n\nAs AI becomes integrated into our work and everyday lives, optimizing inference — aka, the processing of prompts — has been outpacing model training in importance, but often feels patchy behind the scenes, with software and architecture barriers that lead to vendor lock-in, Morin said.\n\nThe promise of achieving peak performance across a variety of chips is a technological feat, but it could also be a market disruptor, amid mounting fears over AI-related costs.\n\nZML hopes to provide enterprises and clouds with the option to use a mix of chips, some of which might be less costly or consume less energy. “The idea is to give people back the power to create their own system and achieve real efficiency gains that allow [AI] to be disseminated,” Morin said.\n\nSuch a software assist may help novel AI chipmakers, many of which happen to be from Europe, Morin observed, citing Axelera , Fractile , Kalray , OLIX , Q.ANT , SiPearl , SpiNNcloud , and VSORA . But more than their region of origin, what matters to him is that ZML can work with them on “things that haven’t been done before anywhere in the world.”\n\nThat doesn’t mean Morin is bearish on Nvidia. He’s not , in part because of its existing supply. He told TechCrunch that ZML has a good relationship with the AI chip giant, which has been gearing up for the rise of inference.\n\nInference has been an area of such intense investment, that the trend has been hailed the “ inference gold rush .” So ZML has competition such as Baseten , recently valued at $13 billion; Inferact , from the creators of open source project vLLM ; as well as RadixArk , the commercial company behind SGLang .\n\nBoth vLLM and SGLang partially compete with LLMD, but Morin’s ambitions for ZML cover a broader spectrum. “We have reached the point where we are co-designing silicon,” he said. He further credited ZML’s lean team of 20 people as the reason why the Paris-based startup has been able to move fast, with more releases in the plans.\n\nIt also helped that this small team is well funded for its size. Thanks to his track record as VP of engineering of Zenly , which Snapchat acquired for nine figures in 2017 , Morin raised $20 million from venture firms including Harry Stebbings’ 20VC, >commit, AALVC, Drysdale Ventures, Xavier Niel’s Kima Ventures, Kindred Capital, LocalGlobe, and Puzzle Ventures.\n\nUnlike ZML’s first public project, the inference-focused ML framework released in 2024 and updated in March , ZML/LLMD is not open source. But it is launching as a free product with the goal of learning about usage. “I’d rather measure and [then generate revenue] where it is most effective without hindering my growth stupidly because I have been too greedy from the get-go,” Morin said.\n\nIt is too early to tell when ZML/LLMD might become a paid product, and what its adoption will look like. But the startup’s cap table confirms that other founders are paying attention, including Dagger and Docker founder Solomon Hykes, Clément Delangue and Julien Chaumond from Hugging Face, as well LeCun, now with AMI Labs . This also builds the case that Europe’s AI startups can now build from home . “I couldn’t do ZML anywhere but in Paris,” Morin said.','2026-07-08 01:00:00','2026-07-08 09:13:03',657,4,'961c419e6f9281e8755a5f1edf8a8a191fec1746b5a6617fa0bfc0196191ccc8','2026-07-08 09:13:03','2026-07-08 09:13:03'),(6,'https://techcrunch.com/2026/07/08/sambanova-draws-1b-at-11b-valuation-in-series-f-first-close/',1,11,'AI chip maker SambaNova raises $1B at $11B valuation, 5 months after last mega round','AI chip company SambaNova Systems has raised $1 billion at an $11 billion valuation led by General Atlantic, in a first close of its Series F round, with more investors expected to join soon.','AI chip company SambaNova Systems has raised $1 billion at an $11 billion valuation led by General Atlantic, in a first close of its Series F round, with more investors expected to join soon.\n\n“In the next few weeks, a few more investors will be coming in, and the second close is likely to finish up,” Rodrigo Liang, CEO and co-founder of SambaNova, told TechCrunch.\n\nThe latest round comes roughly five months after the Palo Alto, California-based startup company unveiled its SN50 chip , alongside a $350 million Series E in February . SambaNova had also been in acquisition talks with Intel, a deal valuing it at roughly $1.6 billion, according to a December report from Bloomberg News .\n\nAsked whether closing its Series E and F rounds meant SambaNova, founded in 2017, had settled on staying independent, Liang was noncommittal. He said the company keeps fielding interest. “We’re always being approached.” The door is open to such an exit in this dynamic AI market, the CEO said, but momentum and growth will most likely drive the company toward “being public at some point.”\n\nSambaNova’s ties to Intel , a backer since its Series C and a participant in this latest round, have deepened. Five months ago, the nine-year-old startup announced a multi-year partnership with Intel to support AI inference development based on Intel’s Xeon chip. The two now co-develop products and take them to market together. “That gives us a great relationship with them that lets us leverage the scale of Intel with the technology we have,” Liang said.\n\nAlongside the new funding, SambaNova said it has been selected by JPMorganChase as an “inference-infrastructure partner,” with its SN40L and SN50 systems set to power secure, on-premises AI inference at the bank.\n\n“Having JPMorgan Chase decide they’re going to use SambaNova for their inference solution is a big deal,” Liang told TechCrunch. “It sends a message to the banking industry that it’s time not to completely depend on cloud services. These banks want heterogeneous [infrastructure].”\n\nLiang said the JPMorgan win was a signal to the broader market. Banks “of the caliber of JP Morgan” are now building their own private, secure infrastructure to run inference on their most sensitive models, he said, a move he expects to resonate beyond banking. Enterprises and governments are “just starting their AI journey,” Liang continued, with most of the growth so far concentrated among tech’s model makers and frontier labs, leaving what he called “a huge amount of revenue” still on the table.\n\nSambaNova launched its SN40L in September 2023, available in the cloud, and on-premises from November 2023 . Its next-generation SN50, unveiled in February 2026, is due to begin shipping to customers in the second half of 2026, with SoftBank as its first deployment partner, Liang noted.\n\nLiang said SambaNova’s edge as “premium inference” running the largest models and running them fast. Today’s frontier models span trillions of parameters, and he said SambaNova was built specifically to handle them at that scale. The company fits multi-trillion-parameter models onto a single rack which helps them run quickly.\n\nSambaNova sees three types of customers. The first is sovereign clouds, where governments fund local partners to build private clouds, a push Liang expects SambaNova to figure centrally in. The second is neoclouds. The third is enterprises building for their own use. In addition to JPMorgan, it also names Saudi Aramco, Intel, and other Japanese firms as customers.\n\nSambaNova will use the proceeds to scale the business and shore up its supply chain against what Liang called an incredible wave of demand. “We’re using that capital to secure the supply chain,” he said, describing it as essential to fulfilling orders and buying the materials the company needs to deliver over the next 12 months.\n\nOther investors participating in the round include Seligman Ventures, T. Rowe Price Associates, and Capital Group. New and existing investors also joined, including A&E Investment, Assam Ventures, Battery Ventures, Cambium Capital, BlackRock, Kabila Capital, QFO Capital, Qatar Investment Authority (QIA), Vista Equity Partners, and Volantis.','2026-07-08 00:16:00','2026-07-08 09:13:03',673,4,'dcb2b8ead8d82613b4cc738a700151005abbd2cf552751147a940131bdf51f24','2026-07-08 09:13:03','2026-07-08 09:13:03'),(7,'https://techcrunch.com/2026/07/07/final-extension-startup-battlefield-australia-applications-now-close-july-20/',1,6,'Final extension: Startup Battlefield Australia applications now close July 20','Due to overwhelming interest, we’ve extended applications for Startup Battlefield Australia to July 20.','Due to overwhelming interest, we’ve extended applications for Startup Battlefield Australia to July 20 .\n\nIf you’ve been thinking about applying, do it now. There won’t be another extension.\n\nSince the first Startup Battlefield Australia in 2017, there have been 26 alumni companies that have collectively raised over $147 million, with three successful acquisitions. They’ve been backed by some of the world’s most respected investors — including Y Combinator, Blackbird Ventures, Square Peg Capital, Khosla Ventures, Microsoft, AirTree Ventures, Startmate, Techstars, and SOSV.\n\nIt all started with one decision: They applied.\n\nIf you’re building something ambitious, this is a fast track to the people who can move your startup forward.\n\nSelected founders will pitch live to:\n\nThis is more than a pitch competition. It’s a chance to earn visibility, credibility, and connections that can take years to build.\n\nOn August 19, 2026, eight startups will pitch live at Stripe Tour Sydney.\n\nThe top three will receive up to $15,000 in Stripe fee credits.\n\nThe grand prize is even bigger:\n\nAutomatic entry into Startup Battlefield 200 at TechCrunch Disrupt in San Francisco this October.\n\nNo second application. No extra round. Just a direct path to one of the world’s biggest startup stages.\n\nWe’re looking for early-stage startups across Australia and New Zealand that are:\n\nYou don’t need to be a household name.\n\nWe’re looking for the next one.\n\nThis extension gives you more time, but not much.\n\nApplications now close July 20.\n\nIf you’ve been waiting, this is the moment.\n\nSubmit your application before July 20.\n\nFree to apply. No equity taken. One opportunity that could change everything.','2026-07-07 15:30:00','2026-07-08 09:13:03',267,2,'241486cb38dadfe7c03fee049638f33102b6b22be20e8fccf24bb92ac4b423c2','2026-07-08 09:13:03','2026-07-08 09:13:03'),(8,'https://techcrunch.com/2026/07/07/meta-rolls-out-muse-a-new-ai-image-generator/',1,10,'Meta just launched a new AI generator, Muse Image, and users are already pushing back over use of their photos','Meta on Tuesday unveiled Muse Image, its new AI image generator built by Meta Superintelligence Labs, the company’s dedicated AI unit. The feature, which was internally code-named Mango, is now available for free through the Meta AI app, as well as on Instagram Stories and WhatsApp.','Meta on Tuesday unveiled Muse Image, its new AI image generator built by Meta Superintelligence Labs, the company’s dedicated AI unit. The feature, which was internally code-named Mango, is now available for free through the Meta AI app, as well as on Instagram Stories and WhatsApp.\n\nUnfortunately, the new model is already causing controversy.\n\nWhat exactly can you do with Muse? It sounds like the use cases are similar to most other AI image generators — you’ll be able to create plenty of goofy, cartoonish images, for instance.\n\nIf you’re short on inspiration and can’t come up with original prompts on your own, Meta says that Muse comes with “presets” — prefabricated image prompts — to “spark ideas.”\n\nHowever, a particularly eyebrow-raising feature allows users to manipulate another Instagram user’s images with AI, as long as that user’s profile is public. Users merely tag the person, and it allows them to take their picture and use it to create a new AI image.\n\nSaid one X user after The Verge first pointed out how potentially invasive this is: “Pulling real users into generated photos without explicit consent is a privacy landmine waiting to detonate.”\n\nMeta policy states that “people may be able to create content with your Instagram content using AI features at Meta” and that “you will not be notified about content created using AI features at Meta.”\n\nMeta claims users “have control” over this feature, noting that there are settings you can use to disable this kind of co-option of your pictures if you want to.\n\nMuse has other, less invasive applications. One is creating custom ads (AI has notably crept into advertising over the past year). Another is experimenting with interior decorating ideas — in a promotional video, a user leverages Muse to see what a secondhand couch might look like in their garage. This last function is designed to integrate with Facebook Marketplace, Meta’s popular Craigslist-like locus of used furniture and accessories.\n\nThe model also features prompt-based image editing, which lets users create images to share across Meta’s apps and platforms.\n\n“Ask it to mock up an image of you in front of a historical landmark, cleanly erase a photobomber from the background of a shot, or write a custom prompt to build a functional QR code,” the company offers.\n\nAt the same time, Meta is launching a host of new AI effects for Instagram Stories, powered by Muse — notably, the same platform at the center of the photo-tagging concerns above. Those effects include customizable filters that can modify existing photos.\n\nMeta says use of the new AI model is free for “everyday creation,” though users will need a subscription plan once they exceed a certain limit.\n\nThe company also said Muse Video — presumably an AI video generator — is “already in development.” TechCrunch has reached out to Meta for more information.\n\nMeta has released a number of AI apps and services over the past year, including an AI assistant called Creator , and Pocket , an app that can be used to vibe-code video games. The company has been accused of having a nebulous AI strategy , although it’s still on track to spend a whole lot on AI infrastructure this year as it continues to build out its services.\n\nMeta’s privacy record is one reason for users’ unease over Muse. The company paid a then-record $5 billion fine to the FTC in 2019, after regulators found that the political consulting firm Cambridge Analytica had improperly harvested data from tens of millions of Facebook users — without their knowledge — to build voter-targeting profiles ahead of the 2016 U.S. election. Facebook had known about the data misuse for years before it became public.\n\nSeparately, the company shut down Facebook’s facial-recognition system in 2021 — a tool that had automatically recognized people in photos and videos — amid lawsuits and regulatory pressure over its collection of biometric data. Basically, Muse’s photo-tagging feature, which is opt-out by default, fits a pattern users and regulators have flagged before: broad use of people’s data unless they actively turn it off.','2026-07-07 15:18:10','2026-07-08 09:13:03',683,4,'ae0568e91298c322aea9fec7c72c9f8a842effb5665ed43563322aba610a6c9f','2026-07-08 09:13:03','2026-07-08 09:13:03'),(9,'https://techcrunch.com/2026/07/07/why-the-rise-of-open-source-ai-isnt-hurting-anthropic-yet/',1,10,'Why the rise of open source AI isn’t hurting Anthropic … yet','On Monday, Decagon CEO Jesse Zhang published a provocative new theory, posted under the title “Everyone is wrong about open source AI in the enterprise.” The post grapples with one of the most interesting contradictions of today’s AI economy: More mature AI deployments are switching to lighter models, he says, even at his own company. But the overall spend on expensive state-of-the-art models has barely budged.','On Monday, Decagon CEO Jesse Zhang published a provocative new theory, posted under the title “Everyone is wrong about open source AI in the enterprise.” The post grapples with one of the most interesting contradictions of today’s AI economy: More mature AI deployments are switching to lighter models, he says, even at his own company. But the overall spend on expensive state-of-the-art models has barely budged.\n\nIt’s a new way to think about the relationship between frontier and open source models. In Zhang’s telling, they aren’t competitors, and open source models’ success isn’t coming at the expense of frontier labs. Instead, they’re two phases of the same life cycle, with expensive frontier models being used to prove out use cases that can be passed along to cheaper open source alternatives as they mature.\n\nAs more mature use cases switch to lighter models , new use cases keep arising — and the overall spend on frontier models barely goes down.\n\nZhang doesn’t give much data to support the point, but the data isn’t hard to find. Vercel’s AI gateway dashboard shows that, in just the past week, DeepSeek has surged into the lead for token volumes, now processing just over a third of the tokens passing through the company’s infrastructure. Z.ai — the lab behind the popular GLM-5.2 model — jumped into a respectable fourth place over the same period.\n\nBut if you scroll down to overall token spend, you’ll see Anthropic still accounts for more than half of the overall AI spend on the platform. Given that much of the recent change comes from Anthropic’s own rising prices, the share has dropped slightly over the past month, but not significantly.\n\nOpenRouter tells a similar story, capturing a much larger (but slightly less enterprise-y) segment of the market. DeepSeek V4 Flash is the main winner on overall usage, processing 5.3 trillion tokens weekly. The most popular frontier model, Opus 4.8, handles just over 2 trillion. OpenRouter doesn’t rank models by total spend, but it registers the average token cost for Opus 4.8 as roughly 23x higher than V4 Flash ($1.37 per million tokens, compared to just 6 cents), which would mean Opus was still probably capturing the lion’s share of spending.\n\nThose figures don’t even capture the newest arrival, Nvidia’s Nemotron, which is poised to leap to the front of the pack by virtue of Nvidia’s strong connections and the model’s own extreme adaptability.\n\nThose figures don’t fully prove Zhang’s point about the AI life cycles, but they do show frontier labs like Anthropic aren’t suffering too much from the rise of open source — at least not yet. One explanation is that the market of AI-addressable tasks is growing so fast that the top models are able to maintain their position just by dominating early-stage deployments. As Zhang puts it, “The frontier labs will keep owning discovery. Open source will increasingly own production.” Another explanation might be that, even as clients move to open source, many use cases are so difficult that they can’t be entirely replaced with cheaper alternatives.\n\nEither way, this two-tiered economy of models may become a relatively stable feature of the AI economy.\n\nAs recently as last September, I was writing about the possibility that foundation labs would end up selling coffee beans to Starbucks — that is, serving as commodity inputs while the application layer reaped the benefits. Some parts of that prediction came true: Vertical AI plays switched to lighter models, for one, and the economics of “GPT wrapper” startups have remained mostly stable.\n\nBut we’re also seeing that, token for token, frontier providers have been able to hold on to the most desirable part of the marketplace — the premium token price. And that doesn’t seem likely to change any time soon.','2026-07-07 13:04:32','2026-07-08 09:13:03',629,4,'47cf81af9ddaa4d1c45c5f55bd9f622ba955945c2adebe93b344125835aef1ed','2026-07-08 09:13:03','2026-07-08 09:13:03'),(10,'https://techcrunch.com/2026/07/07/microsoft-joins-ai-cost-cutting-trend-by-relying-more-on-its-own-models/',1,12,'','As AI costs continue to rise, companies are looking for ways to cut back. The most recent example is Microsoft, which has reportedly begun to deploy a cost-savings strategy by relying less on software from OpenAI and Anthropic and instead deploying its own in-house models.','As AI costs continue to rise , companies are looking for ways to cut back. The most recent example is Microsoft, which has reportedly begun to deploy a cost-savings strategy by relying less on software from OpenAI and Anthropic and instead deploying its own in-house models.\n\nIndeed, when it comes to two of its most widely used programs — Excel and Word — Microsoft has begun to use its homemade MAI models to respond to a certain percentage of user prompts, Bloomberg reported Tuesday. In the past, the company had advertised the fact that large parts of Office 365 are powered by models from both OpenAI and Anthropic .\n\nWhile Microsoft still relies on those third-party models, it has also increasingly sought to stand up its own AI agents. Last month, at its annual Build conference, the company announced the launch of seven new MAI models , including an agentic coder and a text-to-image generator.\n\nWhen reached for comment by TechCrunch, Microsoft said that it had nothing further to share.\n\nMicrosoft’s apparent cutbacks are part of a broader trend. After a brief blitz of “tokenmaxxing” earlier this year, the last few months have seen a news cycle awash in stories about tech companies acting significantly more thrifty. Other large companies — like Amazon , Uber , Meta , and Accenture — have also reportedly made moves to curb spending.\n\nThe immense cost of providing and buying AI services has become a controversial part of the industry. The sticker shock has gotten so bad in some parts of Silicon Valley that some companies are reportedly looking to Chinese models for more affordable agentic solutions — despite some concerns over potential security issues .',NULL,'2026-07-08 09:13:03',282,2,'f0f7d818c7f304ce2da066b9db7dd52b062a6ddc1823d90062e9fe14ff418b22','2026-07-08 09:13:03','2026-07-08 09:13:03'),(11,'https://techcrunch.com/2026/07/07/discord-admits-ai-moderation-bug-wrongfully-banned-users-over-harmless-images/',1,10,'Discord admits AI moderation bug wrongfully banned users over harmless images','Discord has acknowledged that a bug in its AI moderation system mistakenly banned more than 8,000 users over the past two months, after harmless images—including spreadsheets, chessboards, game textures, as well as white and gray transparent backgrounds—were incorrectly flagged as harmful content.','Discord has acknowledged that a bug in its AI moderation system mistakenly banned more than 8,000 users over the past two months, after harmless images—including spreadsheets, chessboards, game textures, as well as white and gray transparent backgrounds—were incorrectly flagged as harmful content.\n\nThe company confirmed that the issue had been affecting accounts since May, with an additional 200 users banned over the weekend before its team identified and fixed the problem. All affected accounts are currently in the process of being restored.\n\nThe incident highlights one of the growing challenges surrounding AI-assisted moderation as many platforms increasingly rely on automated systems to identify illegal or abusive material at scale.\n\nIn a detailed thread on X , Discord explained that its automated safety system works by matching uploaded content against databases of known harmful material. While the technology is designed to catch illegal content, the company acknowledged that it can sometimes generate false positives. A human moderator reviews the content, but a bug caused the system to immediately ban affected accounts.\n\n“We’re working on better safeguards so this can’t happen again,” the company wrote.\n\nOur systems flag content by matching it against known harmful material. This kind of similarity matching can produce false positives, which is why a member of our Trust & Safety team always reviews flagged content before any action is taken. The intended behavior is to… — Discord Support (@discord_support) July 7, 2026\n\nOur systems flag content by matching it against known harmful material. This kind of similarity matching can produce false positives, which is why a member of our Trust & Safety team always reviews flagged content before any action is taken. The intended behavior is to…\n\nAcross X and Reddit , users have claimed they had been permanently suspended simply for uploading images containing square grid patterns. Several users speculated that Discord’s AI moderation tools have become increasingly sensitive to grid-like patterns because they have previously been used in attempts to obscure or disguise NSFW and child exploitation content from automated detection systems.\n\nAffected users have been expressing frustration on social media, with some arguing that permanent account bans based solely on automated detection can have serious consequences, particularly for users who rely on Discord for work, gaming communities, or long-distance social connections.\n\n“Losing a Discord account to something as unfair as this can be extremely devastating and affect users severely, and every day millions of users are affected by false AI bans. This needs to be stopped,” one X user wrote .\n\nMy account was wrongfully banned from your platform due to a bug in your AI automod detecting my GAME TEXTURES as CSAM. I need my account back as I’m a game director and use Discord for all my communication. I have requested a review of my suspension. @discord @discord_support pic.twitter.com/QfAkCIJo6S — JDBRYANT ? TODAY (@jdbryantdev) July 4, 2026\n\nMy account was wrongfully banned from your platform due to a bug in your AI automod detecting my GAME TEXTURES as CSAM. I need my account back as I’m a game director and use Discord for all my communication. I have requested a review of my suspension. @discord @discord_support pic.twitter.com/QfAkCIJo6S\n\nDiscord isn’t alone in facing moderation troubles due to automated systems. Last year, users of Instagram and Facebook Groups reported widespread unexplained account suspensions that many believed were caused by AI moderation systems. Although users pointed to automation as the likely culprit, Meta never publicly confirmed whether AI errors were responsible. Now Meta’s Oversight Board is pushing for increased transparency.\n\nTumblr last year also faced complaints from users who said their accounts had been mass-suspended without clear explanations.','2026-07-07 12:28:38','2026-07-08 09:13:03',603,4,'b778913805ef98dea06544f711d456c59c19130db1d3800fd05d67c7cc1410c3','2026-07-08 09:13:03','2026-07-08 09:13:03'),(12,'https://techcrunch.com/2026/07/07/googles-pixel-event-is-set-for-august-12/',1,12,'','Google is preparing for its Made by Google launch event, which is scheduled for August 12 in New York City, as announced on Tuesday.','Google is preparing for its Made by Google launch event, which is scheduled for August 12 in New York City, as announced on Tuesday.\n\nWe’re hoping this event will be less cringeworthy than last year’s, which featured Jimmy Fallon and other celebrities, including Stephen Curry and the Jonas Brothers.\n\nThere are numerous rumors circulating about the upcoming Pixel 11 lineup. According to email invites shared by outlets like The Verge and Bloomberg, the new devices are expected to feature design upgrades, particularly a new gold color variant for the Pixel 11.\n\nGoogle Pixel event – August 12 pic.twitter.com/Veo1RCJN7j — Mark Gurman (@markgurman) July 7, 2026\n\nGoogle Pixel event – August 12 pic.twitter.com/Veo1RCJN7j\n\nOther leaks suggest that the base Pixel 11 may come with slimmer bezels and a sleek black camera bar, while the Pixel 11 Pro is rumored to be slightly thinner than its predecessor. Additionally, there is speculation about the Pixel 11 Pro Fold, which might have a redesigned camera bump and a lighter profile compared to the previous model.\n\nOn a negative note, one report suggests that Google may skip the 128GB option for the new models, starting instead with 256GB, which could lead to a higher price tag.\n\nLast year, the event took place on August 20, where Google announced the Pixel 10 series, AI-powered upgrades, and other devices, including a new foldable, the Pixel Watch 4, and the second generation of its budget-friendly A-Series earbuds.',NULL,'2026-07-08 09:13:03',239,2,'a5f5230567860e1991e9ba9114cfd0fb6de443693a107705ae5bf2bf6afe5a5c','2026-07-08 09:13:03','2026-07-08 09:13:03'),(13,'https://techcrunch.com/2026/07/07/figma-acquires-team-behind-a-vibe-coding-app/',1,12,'','Figma is trying to become more than a design platform by adding more AI and bringing the coding and prototyping layer closer to its canvas. Toward that end, it has acquired the team behind the vibe-coding and AI agent platform Bud (formerly Orchids).','Figma is trying to become more than a design platform by adding more AI and bringing the coding and prototyping layer closer to its canvas. Toward that end, it has acquired the team behind the vibe-coding and AI agent platform Bud (formerly Orchids).\n\n“Figma is one of, if not the, defining product companies of our time to capitalize on this. It’s where ideas start, iterate, and come to life, and a natural home for this exciting new era of work,” Bud’s CEO Kevin Lu posted on X .\n\nThe Y Combinator-backed startup began as a vibe-coding platform letting users spin up apps for mobile, web, Slack, browser, and more. It later rebranded as Bud, an agent platform that can access various services, browse the web, and write code to automate tasks.\n\nUnder the deal, the startup will shut down both Bud and Orchids by July 18, requiring users to migrate their projects by then.\n\nEarlier this year, citing a security researcher, the BBC reported that apps created on Orchids were susceptible to cyberattacks .\n\nFigma didn’t specify how it aims to use this team, but recent product launches hint that the public company wants to give teams more tools for building and prototyping apps, not just ideating over static concepts. Last year, it released Figma Make for creating web apps . This year, it integrated with tools like Codex and Claude Code , and rolled out its own agents .',NULL,'2026-07-08 09:13:03',240,2,'6885887130a4531108cbebc3b0b6b4e7a8e22daf18a88d4c6923cd7af1fe6a37','2026-07-08 09:13:03','2026-07-08 09:13:03'),(14,'https://techcrunch.com/2026/07/07/netflix-dabbles-in-shorter-video-content-with-its-new-set-of-publisher-deals-with-variety-others/',1,13,'Netflix dabbles in shorter video content with its new set of publisher deals with Variety, others','Netflix is again experimenting with new types of content on its streaming service, as the binge model has grown dated. After expanding its service to include live content, video games, and, more recently, video podcasts, the streamer is now adding video content from publishers such as BuzzFeed Studios, Condé Nast, Hearst Magazines, People Inc., Tastemade, and various Penske Media PMX brands, like Variety, THR, Billboard, Eater, Rolling Stone, and IndieWire.','Netflix is again experimenting with new types of content on its streaming service, as the binge model has grown dated . After expanding its service to include live content, video games, and, more recently, video podcasts, the streamer is now adding video content from publishers such as BuzzFeed Studios, Condé Nast, Hearst Magazines, People Inc., Tastemade, and various Penske Media PMX brands, like Variety, THR, Billboard, Eater, Rolling Stone, and IndieWire.\n\nStarting August 3, Netflix will offer video content from these publishers to subscribers in the U.S., Canada, the U.K., Ireland, Australia, and New Zealand, according to Netflix and other reports released on Tuesday by Netflix’s deal partners like Variety , Billboard , THR , Rolling Stone , and others.\n\nThe new videos will vary widely in length — some run just two to three minutes, while others stretch past 20, the partners said.\n\nFor Netflix, the deal is a low-risk way to test whether its audience has an appetite for the kind of content that’s typically native to the web, such as news, lifestyle, how-tos, and other short-form formats that tend to be cheaper and faster to produce than a scripted series. If it works, Netflix could eventually build similar content in-house, though the company hasn’t said that’s the plan.\n\nThe lineup will include both licensed archival and ongoing series coming to Netflix, including BuzzFeed Celeb’s “30 Questions” and “Tasty”; Vanity Fair’s “Lie Detector Test” and “How Well Do They Know Each Other?”; AD’s “Walking Tour”; Elle’s “Where Is the Lie?”; Harper’s Bazaar’s “Burning Questions”; Billboard’s “24 Hours”; People’s “My Life in Pictures”; Travel + Leisure’s “Travel Unfiltered”; Tastemade’s “Struggle Meals”; and more.\n\nNetflix says other publishers will be added over time.\n\nThe announcement follows a Bloomberg report this week that found that Netflix is struggling to retain fans between the first and second seasons of top shows. That trend has reportedly worried executives, though it’s largely explained by familiar culprits: high cancellation rates, long gaps between seasons, and inconsistent quality. The report suggests that Netflix is also facing a shift in consumer viewing habits, which sees the streamer now competing with YouTube and TikTok — arguably as much as it competes with traditional TV networks now.\n\nTo court viewers drawn to short-form video, Netflix already added a TikTok-style feature called “Clips” that lets users scroll through short snippets from its library. But where Clips is designed to funnel viewers toward longer shows and movies, these new publisher deals go the other direction, bringing short-form content onto the platform in its own right.\n\n“Members don’t just want to watch a show or film and move on — they want to keep exploring the stories and personalities they love long after the final credits roll. These partnerships help us deepen fandom and create more ways for members to carry those stories with them throughout their day,” stated John Derderian, Netflix VP of Animation Series + Kids & Family TV, who is overseeing this project.','2026-07-07 10:24:35','2026-07-08 09:13:03',494,3,'56b52209ecb88f9b78805d2c9a4817b4833f364f71f53074637e9efcd1cebd52','2026-07-08 09:13:03','2026-07-08 09:13:03'),(15,'https://techcrunch.com/2026/07/07/the-worst-hacks-and-breaches-of-2026-so-far/',1,14,'Hacked, leaked, and held for ransom: The worst breaches of 2026 so far','If anything, 2026 has made clear that cybersecurity is no longer a background concern — it’s front and center, woven into almost every major story of the year. Yes, wars are still raging, the climate keeps worsening, and we’re seemingly one dodgy sneeze away from the next global pandemic.','If anything, 2026 has made clear that cybersecurity is no longer a background concern — it’s front and center, woven into almost every major story of the year. Yes, wars are still raging, the climate keeps worsening, and we’re seemingly one dodgy sneeze away from the next global pandemic.\n\nBut running beneath all of it is a digital current that touches everything: wars being fought on digital fronts as well as physical ones, governments weaponizing citizens’ own data against them, botnets quietly undermining democratic institutions, nation-state hackers targeting civilian infrastructure from power grids to water systems, and ransomware gangs holding companies and institutions hostage for massive payouts. The attacks are getting bolder, more destructive, and harder to contain.\n\nAs we enter the second half of this already horrendous year of digital attacks and hybrid warfare, here’s a look at some of the worst hacks and breaches so far, and how they might affect us going forward.\n\nA year on, after operatives with the Elon Musk-led band of government destroyers known as the Department of Government Efficiency (or DOGE) swept through and dismantled federal agencies from the inside out, we’re still learning about the data lapses that happened under their watch.\n\nAfter DOGE entered the Social Security Administration, it remains unclear as to what happened with some of the nation’s most sensitive data , as lawsuits battle on in federal court. The most alarming whistleblower’s claim is that DOGE uploaded a live copy of the Social Security database to an unsecured third-party server, leading to a scramble to understand what was stored in it. This database allegedly contained the Social Security numbers and associated personal information of most living Americans.\n\nIn court filings, the Social Security Administration doesn’t know for sure what was on the server, but said that the DOGE signed an agreement with an outside political advocacy group under the guise of finding evidence of voter fraud, something that President Trump continues to claim without any evidence . The fears are that the database could be misused to target Americans for spurious reasons.\n\nTwo of the top House Democrats investigating some of DOGE’s activities at the Social Security Administration said that the exposure of the government’s Social Security database “could very well be the largest data breach in our nation’s history.”\n\nA rash of cyberattacks across Europe targeting civilian energy and water supplies, like power plants and water dams, has set a troubling trend of late. Several hacks attributed to (or at least in part blamed on) Russia have risked real-world harm to communities and populations.\n\nPoland’s energy grid was targeted with computer-destroying malware at the tail end of last year, as well as a Swedish thermal plant and a Norwegian dam that spilled swimming pools’ worth of water . Hackers targeted Poland again earlier this year, this time its water treatment plants , showing that Russia’s hybrid war antagonism continues to extend beyond the digital realm.\n\nNow, thanks to the recent war between the U.S. and Israel against Iran, there are warnings that Iranian hackers are targeting critical infrastructure in the United States. This includes privately owned water utilities, which remain a soft target for hackers, often lacking basic cybersecurity protections.\n\nSpeaking of Iran, a cyberattack on a U.S. medical tech company, Stryker, in March saw Iranian hackers break in and remotely wipe tens of thousands of employee devices in one fell swoop , causing widespread disruption to the company’s operations for several days.\n\nThe breach was a marked shift in Iranian hacking tactics at a time of ongoing war in the Middle East, with Iran moving from its typical focus of espionage and hack-and-leak operations in aid of the country’s political gains, toward actively causing destructive hacks in apparent retaliation for the war. The U.S. government attributed the hacking group behind the breach to an arm of Iranian intelligence. The breach ended up having a material impact on Stryker’s first-quarter earnings after regaining control of its systems.\n\nMarket research provider Klue was at the center of a mass data breach that affected close to 200 companies, of which several were cybersecurity giants such as Jamf , HackerOne , and LastPass . It was one of the broadest data breaches of the year, affecting a multitude of Klue’s customers, less than a year after the company laid off half of its staff in favor of doubling down on AI.\n\nKlue admitted that the extortion gang, dubbed Icarus, broke into its systems using a credential that it issued in 2022 for a limited pilot, implying that the company had around four years to decommission the credential before it was stolen and used to break into its systems. In the data breach, Klue exposed the keys to its customers’ cloud services, allowing the hackers to break in and steal those stores of data to extort those companies for a ransom.\n\nWhile governments and researchers often urge victims not to pay ransoms to prevent hackers from profiting from cybercrime, Klue told its customers that it had reached an agreement with the hackers not to publish the stolen data — strongly suggesting that it had paid them.\n\nBut as part of the deal, the hackers conceded that another hacking group also had a portion of Klue’s customers’ data and urged those victim companies not to pay them.\n\nThe ShinyHunters continued their hacking campaigns, targeting dozens of companies with simple but highly effective voice phishing techniques. The English-speaking hackers are adept at tricking companies into turning over access to their internal systems by pretending to be IT support, or conversely, an employee who forgot their password.\n\nFew companies know better the toll a hack from the ShinyHunters can have than education tech giant Instructure. The hackers breached the company’s flagship learning management system Canvas to steal private data and personal information belonging to over 30 million students and staff. When the company didn’t pay the hackers’ ransom, the hackers broke in — again — and defaced the school’s login screens for Canvas , used by students to access their exam and coursework material. This second hack happened during school finals, disrupting exams for students across the United States. Instructure eventually paid the ransom, despite efforts by the FBI to dissuade the company from paying.\n\nInstructure wasn’t the only company targeted by the ShinyHunters hackers by far. The gang has been behind some of the largest breaches by the number of records stolen, including some 40 million records from internet provider Charter and at least 6 million customer records from cruise liner Carnival , among other victims in higher education , finance , and government .\n\nA series of ongoing, concurrent, and occasionally overlapping attacks on open source developers has resulted in massive hacks targeting Big Tech companies and their customers.\n\nSome of the biggest names in security, including Aqua Security’s Trivy tool , Bitwarden , and Checkmarx , alongside other major open source projects , were compromised this year, allowing the hackers to steal passwords, credentials, and other sensitive tokens from the computers of anyone who installed a backdoored copy of the software, or their pre-installed software auto-updated to download the malware.\n\nThese attacks used the stolen credentials to spread further, and opened the door to downstream compromises of big companies that rely on the targeted software, including AI giant OpenAI and web hosting company Vercel . With a new hack almost every week, the open source world remains a vulnerable target in the broader tech ecosystem.\n\nThe U.S. Federal Bureau of Investigation was forced to declare a “major cyber incident” in April, prompting a legally required disclosure with Congress, after identifying that one of its surveillance systems was compromised. According to reports, the breach potentially exposed phone numbers of targets under surveillance by federal agents.\n\nChinese spies were accused of the breach of the unclassified network, which held sensitive information about the surveillance targets of wiretaps and other communication intercepts, such as pen register returns. By notifying lawmakers, the breach is likely to have met a bar of causing “demonstrable harm” to U.S. national security.\n\nWhen is a hack not quite a hack? When you simply ask for access and get it. That was what happened with thousands of Instagram accounts that were hijacked in early 2026 as people abused Meta’s AI chatbot to reset account passwords.\n\nThe account hijackings, first reported by 404 Media , happened over the course of several months and were only noticed after news of the exploit began to leak online. Here’s how the attack worked: People would open a chat with Meta’s AI chatbot and pretend that they had been locked out of an account. By requesting the chatbot to send a password reset code to an email address of the attacker’s choosing, the attacker gained access to their victim’s account.\n\nThe incident affected tens of thousands of accounts before the improper access was discovered and cut off. It was an embarrassing and high-profile lapse in security — and trust — for one of the world’s largest tech companies.\n\nToymaker giant Hasbro is the latest example of what happens when a large corporation is hit by a security incident and isn’t prepared for it. Weeks after discovering hackers in its systems in late March , the 103-year-old company remained largely offline, its website unavailable, and unable to serve its customers.\n\nThe company, which owns big name brands such as Transformers, Peppa Pig, and Dungeons & Dragons, has said little about the incident itself, what data was taken (if any), and whether it paid the hackers. But the disruption alone is likely to affect the company’s financials, which it was forced to delay , as the company scrambled to handle the incident.\n\nHasbro said as of mid-May that the hackers are no longer in its systems and that its recovery was underway. But the financial costs of the breach and the knock-on effect to its business are likely to be realized in the coming months, and are expected to be substantial.\n\nOver the past few months alone, there has been an uptick in major data exposures involving people’s sensitive government-issued identity documents, including passport and driver license scans left exposed to the web. From a hotel check-in system and a money transfer app to a prison payphone provider and a U.K. visa service , these services exposed over two million people’s personal documents that can be easily misused. Many were caused by simple security lapses that were easily avoidable with basic cybersecurity practices.\n\nThese massive data spills come at a time when closed-community apps and websites are increasingly leaning on “know your customer” checks to force users to verify their identity before being allowed in, and governments are pushing age-verification laws demanding similar identity checks from adults to access a vast swath of the internet.\n\nThe logic goes that the greater the spills, the less effective these identity checking systems are, as they can be easily misused with a stolen or leaked passport or driver license. The further rollout of these ID-collecting systems will inevitably lead to more data breaches and security lapses.','2026-07-07 09:45:00','2026-07-08 09:13:03',1846,10,'505ecf02f2cc1accd76a1b63cd12315c333f8f0b0d0bbd972c389b048dd29dbc','2026-07-08 09:13:03','2026-07-08 09:13:03'),(16,'https://techcrunch.com/2026/07/07/the-coding-agent-wars-are-spilling-into-the-rest-of-the-office-claude-cowork/',1,10,'Claude Cowork expands to mobile and web','Claude Cowork — Anthropic’s Claude Code-style agent for general knowledge work — is coming to your phone.','Claude Cowork — Anthropic’s Claude Code-style agent for general knowledge work — is coming to your phone.\n\nClaude Cowork launched as a desktop app in January, but starting Tuesday it is available on web and mobile for Max subscribers. With the update, users can start a task from their desk, get status updates on their phone, and pick up the finished output later — even if their laptop is closed.\n\nThe product expansion is a signal that Anthropic wants Cowork to feel less like a coding tool for dummies and more like an agentic administrative coworker: something that can work in the background, tag along across devices, and request human input when a decision pops up only the user can make.\n\nIn other words: The coding agent wars are spilling into the rest of the office.\n\nThe move comes as AI firms try to push their products beyond chatbots into the everyday surfaces where work actually happens. OpenAI has made a similar move with Codex, which began as a software development tool but is increasingly being used by non-developers for reports, spreadsheets, presentations, research, data analysis, and more.\n\nFor both labs, the bet is that success will depend less on who has the best chatbot and more on who owns the space where work gets done.\n\nThat push also extends to other apps. Anthropic recently launched Claude Tag , an always-on Claude that lives in Slack and acts as an AI teammate.\n\nBeyond the benefits of one specific interface, launching Cowork as a multi-platform app means that the agent can continue running tasks in the background without a device online, the company says.\n\nOne example from Anthropic reads: “Set Monday’s client prep for 6 am: Claude works through the email threads, transcripts, and recent news, builds the briefing doc, and leaves the follow-up email drafted but unsent. Review it over coffee.”\n\nThe desktop app will remain the place for deep work, where Claude can access local files and the browser. But bringing Cowork to web and mobile means people who didn’t install the app can also use it. Anthropic says chat and Cowork will be unified in web and desktop to start, with projects and artifacts living together across both.\n\nAnthropic also released early Cowork data, which suggests the clearest use case for the tool is the “work around the work” that keeps companies functioning, handling what Anthropic calls the “tasks that are part of a broad swath of jobs, but are rarely a person’s core responsibility.”\n\nThe study sampled 1.2 million anonymized and aggregated Cowork sessions from more than 600,000 organizations over the last two weeks of May.\n\nThe largest category at 33.4% was business process operating: pulling scattered updates into a single report, building onboarding checklists, and reconciling spreadsheets. Anthropic said the tasks are common among roles in finance, HR, and administration.\n\nThe next largest category at 16.4% was content creation and copywriting: tasks like drafts, slide decks, social posts, proposals, and other communications work that is usually performed by marketing and management positions. Software development, by comparison, only accounted for 8.7% of Cowork usage.\n\n“While coding is still — understandably — one of the uses of AI that gets the most attention, the use of AI for everyday business work is on the rise, and the kinds of tasks people are finding it most helpful for are coming into focus,” Anthropic said in a statement. “Our goal is to make this a reference point for people who are figuring out how to integrate AI products into their daily work, and to show where value is most concentrated.”','2026-07-07 09:27:18','2026-07-08 09:13:04',600,3,'3d5967b429be4223ce0f79dce5d043d6e21859a97d3b34607bca459efe790268','2026-07-08 09:13:04','2026-07-08 09:13:04'),(17,'https://techcrunch.com/2026/07/07/x-adds-a-video-editor-to-encourage-creators-to-post-original-content-not-stolen-reposts/',1,15,'X adds a video editor to encourage creators to post original content, not stolen reposts','X, the social network that can’t seem to win its perennial battle with bots, is introducing new video editing and recording features in hopes of encouraging creators to publish original content on its platform instead of recycling others’ material.','X, the social network that can’t seem to win its perennial battle with bots, is introducing new video editing and recording features in hopes of encouraging creators to publish original content on its platform instead of recycling others’ material.\n\nThe update will bring new features, including the ability to overlay video captions in multiple languages and customize their look, as well as green-screen tools that work with photos from your phone’s camera roll or other X posts.\n\n“One of our biggest priorities is to give creators the tools to create original content [and] reward those creators,” X’s head of product, Nikita Bier, wrote in a post. “We have plenty more updates coming to the video editor in the coming weeks.”\n\nToday we\'re launching a brand new Video Editor and Recorder in the iOS app. This includes some long-awaited features: • Overlay captions in multiple languages and customize their look • Green Screen—Add custom backgrounds using posts or photos from your camera roll One of… pic.twitter.com/d9gNKqpTTw\n\nThe idea, Bier says, is to provide a “functional” video editor so some videos on X can “finally be original content that doesn’t exist on other platforms.” He noted that many posts from top accounts on X contain stolen material, sometimes five years after the content originally went viral.\n\nRecycled content has always been a popular shortcut to virality on social platforms, especially because real money is involved . A video editor alone won’t solve that.\n\nTo encourage a thriving creator ecosystem, X must ensure that creators can reach a broad and scalable audience of real people to effectively monetize their work. To post exclusively on X, creators would need more incentives, given that its competitors like TikTok, Meta, and YouTube have established fleshed-out ecosystems with consistent, reliable payouts.\n\nX may need to revamp its creator relations, too: Bier recently criticized one of YouTube’s biggest creators, MrBeast, for the nature of his video content.\n\nFor the love of God, make a single piece of content without financial bait\n\nX also lacks built-in tools that creators can use to report their work if it’s stolen and take action, similar to the protections Meta offers Reels creators . Meta, for instance, allows the original creator owner to either block their stolen content’s visibility or to add attribution links to monetize it. YouTube has also long offered tools for finding and removing unauthorized re-uploads.\n\nMost importantly, X must deal with its overwhelming populations of bots, as they can inflate views in addition to scraping and stealing content. In April, Bier said that X was identifying and suspending “208 bots per minute and growing,” to give a sense of the problem’s scale. Before that, he said that half the product team was focused on developing features to mitigate spam.\n\nBier offered other reasons for the upgrade, beyond the fact that recycled content has a “negative impact on the user experience and the business.” He said posts on X that contain videos already make up close to half of the impressions on the social network, so this is more than just a case of X trying to be TikTok.\n\nTo be fair, X is far from the only social network plagued by growing amounts of spam in the AI era. Reddit, for instance, just said it is implementing AI tools to address the increasing amount of spam and bot content made possible by the rise of large language models (LLMs).\n\nDigg, a would-be Reddit competitor, shut down its app earlier this year, saying it didn’t have the means to fight the overwhelming amount of spam as a new startup.\n\nBier said its video editor and recorder are initially available in its iOS app, as the Android app is still being rebuilt.','2026-07-07 08:19:33','2026-07-08 09:13:04',621,4,'644c3ff880de450f80ac5d03570ffdb8ce895cb6d32850a114c0fd01f455169f','2026-07-08 09:13:04','2026-07-08 09:13:04'),(18,'https://techcrunch.com/2026/07/07/chemistry-ventures-is-raising-500m-for-its-second-fund/',1,12,'','Chemistry Ventures, the VC firm launched two years ago by Bessemer, Index Ventures, and Andreessen Horowitz alums, is raising $500 million for its second fund, according to an SEC filing.','Chemistry Ventures, the VC firm launched two years ago by Bessemer, Index Ventures, and Andreessen Horowitz alums, is raising $500 million for its second fund, according to an SEC filing.\n\nFounded by Mark Goldberg, Ethan Kurzweil, and Kristina Shen, Chemistry launched with a $350 million fund and invests in early-stage startups building in AI, including infrastructure and apps. Its portfolio companies include Granola, Decagon, Persona, Serval, and Nova Intelligence.\n\nGoldberg previously worked at Index Ventures, Kurzweil with Bessemer, and Shen with a16z. The trio launched the firm to combine their experience working at large venture capital firms.\n\nThe Wall Street Journal reports that the second fund is already oversubscribed and the fundraise is expected to close soon.\n\nChemistry did not immediately return a request for comment.\n\nThis story was updated to clarify the type of companies Chemistry invests in.',NULL,'2026-07-08 09:13:04',139,1,'567b149708d4749aa9f75b3fc43718435012e0e1a5d40ae17f8950bbcc4de860','2026-07-08 09:13:04','2026-07-08 09:13:04'),(19,'https://techcrunch.com/2026/07/07/ai-law-startup-norm-raises-120m-hits-unicorn-valuation/',1,12,'','AI law startup Norm on Tuesday said it has raised $120 million in a Series C funding round led by Khosla Ventures, valuing the almost three-year-old startup at $1.2 billion.','AI law startup Norm on Tuesday said it has raised $120 million in a Series C funding round led by Khosla Ventures, valuing the almost three-year-old startup at $1.2 billion.\n\nNorm has built an AI-native law firm, called Norm Law, that uses the company’s own AI agents, employs human attorneys to supervise them, and offers legal services to enterprise clients. It’s also building AI agents that can supervise other AI agents as they go about their tasks.\n\nThe company charges based on outcomes rather than billing its clients hourly, in contrast to the rest of the industry.\n\nNorm is one of the many legal AI startups that have popped up in the past few years, such as Harvey and Legora, looking to capitalize on the need to automate tedious work.\n\nOther investors in Norm’s Series C include Bain, Craft Ventures, Coatue, Vanguard, New York Life, TIAA, Tony James (former president and COO of Blackstone), Jeff Hammes (former chairman of Kirkland & Ellis), and Fenwick LLP. The fresh capital will be used to help build out the product and hire more attorneys.\n\nThe company has raised more than $260 million in funding to date.',NULL,'2026-07-08 09:13:04',193,1,'ec8cb65cdac4d18e633417466a1049273dcc4c8c9eb1916403ddeee52ecf23e8','2026-07-08 09:13:04','2026-07-08 09:13:04'),(20,'https://techcrunch.com/2026/07/07/this-startup-is-pitting-dealerships-against-each-other-to-bid-on-your-used-car/',1,16,'This startup pits dealerships against each other to bid on your used car','Selling a car is a pain. You can take the easy route and use services like Carvana, but you may wind up with thousands of dollars less than your car is worth. Or, you could hope for more by going to a dealership, but the dealer’s offer can vary wildly depending on what they’re looking for, never mind the extra time and effort on your part.','Selling a car is a pain. You can take the easy route and use services like Carvana, but you may wind up with thousands of dollars less than your car is worth. Or, you could hope for more by going to a dealership, but the dealer’s offer can vary wildly depending on what they’re looking for, never mind the extra time and effort on your part.\n\nA Los Angeles-based startup called Bidbus has spent the last few years trying to combine the best of those options, making it so sellers don’t need to leave their couch to get dealership-level offers. The company has created a digital marketplace where multiple dealers can bid on a car, a process that results in an average offer that’s about $2,000 to $3,000 higher than what Carvana offers, according to Bidbus’ founders.\n\nNow, looking to scale beyond its initial markets of California and Texas, the startup has raised a $15 million Series A funding round led by early-stage mobility fund Ibex Investors. The round also saw participation from Mucker Capital, FJ Labs, Motley Fool Ventures, Data Point Capital, Walter Ventures, and the Car Dealership Guy’s Yossi Levi.\n\nBidbus’ co-founder and CEO Duke Yan told TechCrunch in an exclusive interview that he came up with the idea after years spent buying and selling cars on his own. When he tried to help his mom get rid of her car, the offers from dealers were insultingly low, so he put them in a group chat. To his surprise, buyers started bidding up the price.\n\n“Used-car affordability is not a financing problem. It’s a market efficiency problem. Consumers lack real price discovery for trade-ins, dealers struggle to source quality inventory, and much of the best supply is still trapped in people’s driveways,” Yan told TechCrunch.\n\nIt’s a clever combination. Dealerships already buy cars at auctions to fill inventory, so the startup is not pitching a foreign idea. Yan said Bidbus helps dealers by bringing them the most highly-valued used cars, which tend to come from private sellers. The startup takes advantage of the spread between what online sellers are willing to pay and the typically higher dealer payout: a difference that can stretch to thousands of dollars.\n\nBut netting sellers more money, even after Bidbus takes a cut, wasn’t enough for Yan. He also wants to make the experience fun, and has taken inspiration from stock-trading apps like Robinhood and social media apps like TikTok.\n\nOnce a car is accepted on the platform, dealers only have a few hours to bid. Bidbus shows live bids with the corresponding offers displayed in big font. The expectation, Yan said, is for Bidbus users to share screenshots or videos of this activity to raise awareness of the app and draw in new potential sellers.\n\n“Our vision is to make selling a car as transparent and competitive as trading a stock, where price is determined by market competition rather than a single buyer,” Yan said.\n\nGrowing Bidbus hasn’t been easy, Yan said. The company was bootstrapped in the beginning, and while it got some early traction, he admitted he had to ban one of the platform’s largest dealers.\n\n“At that time, he was the only one that bought so many cars, and so he felt like he could get away with haggling or low-balling,” Yan said. “It hurt at first, but now our platform is better than ever. We have five to eight more dealers like him, buying a lot, upholding the standard [experience] that we want our customers to go through.”\n\nJeff Peters, the partner at Ibex who led the funding round, said he held back on investing in Bidbus’ seed round mostly because the company was only operating in Los Angeles at the time. But once Bidbus started spreading to new markets, bringing on new customers, and signing dealership groups like Lithia Motors and Penske Automotive, Peters wanted in.\n\n“It seems like this is scalable, and that it’s a universal problem and a universal opportunity, at least across the United States. I think it’s gonna be durable, too, because some of the most durable business models are marketplaces,” he told TechCrunch.\n\n“At the end of the day, they’re providing value to consumers by giving them $2,000 to $3,000 more for their vehicle, as well as allowing dealers to build up their inventory and access new inventory that they never really had access to before.”\n\nBidbus has so far helped people sell around 10,000 cars on its platform, and Peters said he sees a lot of upside. Carvana proved that selling a car online can be simple and quick, Peters said. Now that vehicle owners are used to that idea, “I think people will be pretty much looking for the best deal, however they can find it,” he added.','2026-07-07 07:00:00','2026-07-08 09:13:04',798,4,'6fc4bac1ec1472f5dd57824a08a131949863987be677ce5f8886ebd48b90293c','2026-07-08 09:13:04','2026-07-08 09:13:04'),(21,'https://techcrunch.com/2026/07/07/hacktivists-call-out-trump-by-hacking-and-defacing-us-army-websites/',1,14,'Hacktivists call out Trump by hacking and defacing US Army websites','The U.S. Army has reportedly fixed two of its websites that had been defaced to display pro-Kurdish messages and to call out President Donald Trump, the latest case of hackers compromising systems run by the federal government in recent months.','The U.S. Army has reportedly fixed two of its websites that had been defaced to display pro-Kurdish messages and to call out President Donald Trump, the latest case of hackers compromising systems run by the federal government in recent months.\n\nSecurity researcher Ronald Lovelace told Cyberscoop, which first reported the defacements, that error pages were modified on two U.S. Army websites, the Open Innovation Lab and the AI Integration Center, which test and integrate AI and other tech into emerging technologies.\n\nThe defaced messages would show up when someone tried to visit a web page that didn’t exist on the websites.\n\nThe websites’ error pages had been altered with messages calling Trump a “pedophile” and a “thief,” likely referring to the president being extensively named in files held by the Justice Department concerning the late financier and convicted sex offender, Jeffrey Epstein. The messages also mentioned Tom Barrack, the current U.S. ambassador to Turkey, and called for a “free Kurdistan.”\n\nThe defacements were visible as of Monday, per Cyberscoop. The publication contacted the Army, which took the pages down soon after.\n\nThe U.S. Army did not say how the error pages were defaced. The Army’s websites appear to run on WordPress and rely on several plug-ins, which can be targeted by hackers who seek to break into websites. It’s not clear if any data was stolen during the incident. Cyberscoop said the Army was investigating the incident.\n\nA spokesperson for the U.S. Department of Defense did not respond to TechCrunch’s request for comment.\n\nHacktivists typically deface or modify websites, aiming to raise awareness about political causes, but such attacks can also be destructive . Earlier this year, hacktivists targeted the U.S. Department of Homeland Security and published reams of records on contracts that enable U.S. immigration authorities, like ICE, to carry out deportations.\n\nThe Department of Homeland Security confirmed another breach this week, after hackers broke into one of the department’s intelligence-sharing platforms used for passing information between state, local, and federal authorities.','2026-07-07 06:10:00','2026-07-08 09:13:04',333,2,'e0a37ad1dae4bc783a09a1dfdd3128a6c32d2ee82557c218d41260ac3f9dc6a0','2026-07-08 09:13:04','2026-07-08 09:13:04'),(22,'https://techcrunch.com/2026/07/07/the-first-american-autonomous-ground-vehicles-are-fighting-in-ukraine/',1,10,'The first American autonomous ground vehicles are fighting in Ukraine','Forterra, a U.S. builder of autonomous vehicles, revealed today that more than 100 of its self-driving ATVs have been deployed in conflict zones in Ukraine for the past nine months, in what the company believes is the largest deployment of autonomous ground vehicles in combat by any U.S. defense tech company.','Forterra , a U.S. builder of autonomous vehicles, revealed today that more than 100 of its self-driving ATVs have been deployed in conflict zones in Ukraine for the past nine months, in what the company believes is the largest deployment of autonomous ground vehicles in combat by any U.S. defense tech company.\n\n“I believe this to be true of every defense technology that’s ever been created — until you hit the realities of combat, you’re just not going to know,” Scott Sanders, Forterra’s chief growth officer and a former U.S. Marine officer, told TechCrunch.\n\nFunded by U.S. defense dollars, the mission is part of a growing effort to transform the U.S. military through its support of Ukrainian resistance to Russian invaders. While aerial drones have garnered much of the attention in the fight, the dynamics they’ve created — extensive no-go zones where surveillance can lead to death from above — have led Ukrainian strategists to seek ground-based autonomy as well.\n\n“There’s nowhere to hide,” Sergeant Major Corey Wilkens, who leads a program developing autonomous vehicles and tactics for the U.S. Army, explained. “You become very, very vulnerable to be able to be attacked by [first-person view drones], other sorts of drones dropping munitions, artillery, mortar, the full range of things that they have.”\n\nUkraine is already building its own uncrewed ground vehicles (UGVs) to help move supplies and munitions, or evacuate wounded soldiers, but they are typically battery-powered and can only carry up to 250 kilograms, according to a soldier in the Ukrainian army who has worked with the vehicles and who TechCrunch won’t identify for security reasons.\n\nForterra’s Lancer vehicles, based on Polaris ATVs and equipped with a custom-built sensor and compute stack, are gas-powered and can carry 750 kilograms of cargo, making them more versatile and useful. “The bottom line is that this UGV for logistics and just maintaining our defense is the most important UGV in Ukraine,” the soldier said. “It’s fucking fantastic, and we are dying to get more.”\n\nThey didn’t feel that way at first. The Ukrainian Armed Forces have had have mixed experiences with Western contractors bringing new tech to the battle, and at first Forterra’s offerings felt a little too geared for the high-end requirements of the U.S. Army. Modifying the vehicle for the situation — particularly, by adding a Starlink satellite internet antenna — made it a huge value add.\n\nSince arriving in Ukraine last October, the vehicles have driven more than 2,500 miles across more than 1,100 missions, carrying 777,440 pounds of total weight and completing 52 casualty evacuations. Some have been lost in combat, particularly if they get stuck in deep mud or other terrain where Russian forces can target them at leisure.\n\nForterra has learned some useful lessons — about electronic warfare, updating their software from afar, how to maneuver in challenging conditions, and ensuring their vehicles don’t break down. The company, which has raised more than $500 million in venture funding from funds like XYZ Venture Capital and Moore Strategic Partners, is now better positioned to compete for lucrative national security contracts .\n\nThey’ve also seen the limits of autonomy: For now, Ukranian soldiers have mainly been teleoperating the vehicles in combat zones, in part because they’re too valuable to lose and in part because autonomous vehicles aren’t quite ready for the realities of war.\n\nWhile, for example, the vehicles can navigate autonomously across diverse terrain, they’re not quite at the point where they can identify unexpected enemy forces and react appropriately. “We actually need to be able to respond to the enemy threats, live, while it’s in front of the enemy, which the autonomy doesn’t know how to do yet,” the Ukrainian soldier explained.\n\nForterra, which began work on autonomous vehicles 20 years ago, is working on how to combine the kinds of algorithms that gave us self-driving cars with newer generative AI software that allows machines to react to their surroundings in a generalized way. As with other autonomous systems, one of the key obstacles is gathering the right data.\n\n“There’s a lot of things you have to do that aren’t available in an open source model because they’re not things that humans do, whether that’s figuring out how to navigate a minefield or [operating] a weapon system,” Sanders told TechCrunch. “You need to be able to turn the dials and some things more of a classical robotics approach, and then leverage AI where you need to.”\n\nCompetitors in this space are solving similar challenges, like Scout AI , which raised $100 million earlier this year to train foundation models and develop a suite of autonomous platforms for the military that includes UGVs. Other startups like Field AI and Overland AI are trialing UGVs with the U.S. military.\n\nEven with the limitations on UGVs, American military experts are convinced that it’s time to invest in these tools. “Ground autonomy is achievable now and we’ve seen it,” Wilkens said.\n\nScott Philips, the chief innovation officer at Forterra, visited a Ukrainian unit’s operations center to see the vehicles in action firsthand, winning respect from the unit for visiting an area in range of Russian attacks.\n\n“What struck me most was seeing exactly where the seams are: which steps are still manual, where data has to be re-entered or re-verified by hand, and where the team has already found ways to automate or speed things up,” Philips told TechCrunch. “That’s the kind of ground truth you can’t get from a slide deck because it shows you precisely where better tooling could take pressure off the people doing this work in real time.” One challenge issued by the Ukrainians: Make it cheaper. Forterra’s Lancers aren’t expensive for their category, thanks to relying on Polaris’ commercial supply chain for the vehicle itself, but they are still too valuable to be deployed as freely as UAVs can be.\n\n“Attrition is just a fact of this battlefield, and we have lost a few at this point, and it hurt, and we need more, and therefore we need them cheaper,” the Ukrainian soldier told TechCrunch.','2026-07-07 02:00:00','2026-07-08 09:13:04',1011,6,'0d994c4b61962ea0992f3b2dbcb1562105277b7d0e2124db70fb330b5c3cd875','2026-07-08 09:13:04','2026-07-08 09:13:04'),(23,'https://techcrunch.com/2026/07/06/netflix-invented-binge-watching-now-it-may-have-outgrown-it/',1,13,'Netflix invented binge-watching. Now it may have outgrown it.','A buzzy Bloomberg report citing Netflix data suggests viewers are increasingly abandoning popular shows before the second season. The likely reasons aren’t hard to guess: Netflix frequently cancels shows, there’s too long a wait between seasons, and much of Netflix’s content is designed for an algorithm instead of for the sake of art.','A buzzy Bloomberg report citing Netflix data suggests viewers are increasingly abandoning popular shows before the second season. The likely reasons aren’t hard to guess: Netflix frequently cancels shows, there’s too long a wait between seasons, and much of Netflix’s content is designed for an algorithm instead of for the sake of art.\n\nBut the data also points to a shift in how people are consuming entertainment. Netflix’s defining innovation — the binge — was built for an era when streaming was competing with traditional TV. Today, Netflix is competing with TikTok, YouTube, Reels, and various microdrama apps. That shift makes Netflix’s binge model feel like a dated relic from another era.\n\nWhen Netflix first dropped an entire season of “House of Cards” in February 2013, it was a revelation. Ad-free, internet-connected TV meant we could be unshackled from the traditional routine of once-per-week shows punctuated by commercials. Instead, bingeable shows meant viewers could be entertained for hours on end, quickly forming a bond with titles and their characters that would have otherwise taken years to develop. Plus, you could drop in on them at any time — not only the day the network decided to air them, as with linear television.\n\nThis way of viewing made sense in a world where Netflix was largely still competing with traditional TV like broadcast, cable, and satellite. But Netflix won that fight. Nielsen in June 2025 announced that the TV era reached a new milestone, when the Netflix-style streaming format for the first time eclipsed broadcast and cable viewing — a milestone that made clear Netflix’s original competition was no longer the threat.\n\nNow Netflix’s competition isn’t the TV of old, but what has become the TV of today: video apps.\n\nThanks to the rise of TikTok, Reels, and other short-form video platforms, there’s no need for you to visit Netflix when you have a couple of hours to kill with mindless entertainment. There’s an endless, free supply of video you can turn to instead.\n\nAccording to eMarketer analysts , TikTok was already nearing Netflix in terms of time spent back in 2024, when U.S. adults were spending an average of 62.1 minutes per day streaming from Netflix and 58.4 minutes per day on TikTok. In 2024, Financial Times reported that, globally, TikTok users spent an average of 95 minutes per day on the app, the highest engagement rate among major social networks.\n\nThen there is YouTube, which offers a combination of both short and longer-form content. Per a report released this year by Digital i , YouTube surpassed Netflix in average daily viewing for the first time, with 99.1 minutes daily in 2025 compared with Netflix’s 93.4 minutes.\n\nThese market reports use differing methodologies and demographics, so they should be taken with a grain of salt — but directionally, they point the same way. YouTube and apps like TikTok are Netflix’s real competition, not TV.\n\nNetflix has even acknowledged this existential threat by way of a product redesign in April that added a TikTok-like feed based on Netflix content .\n\nWhere Netflix gets the feed wrong is that it’s still pitched as a way to help you find something to watch, rather than being the thing you watch. It’s understandable why Netflix went this route, given its library, but it’s not necessarily what the end user wants. Today, many people with dopamine-drained attention spans are instead seeking out microdrama apps in growing numbers when they want a serialized storyline they can consume in minutes.\n\nAccording to data from the app intelligence firm Appfigures, one top microdrama app, ReelShort, saw roughly $1.2 billion in gross consumer spending in 2025, up 119% from 2024, TechCrunch’s Amanda Silberling previously reported . Meanwhile, another leading app, DramaBox, generated $276 million in gross consumer spending last year, more than doubling its 2024 numbers. Even TikTok acknowledged the competition, launching a microdrama app of its own to test the market appetite for this type of content.\n\nWhere does that leave Netflix, whose claim to fame has been full seasons dropped at once for rapid consumption?\n\nLikely, it will have to rethink how it’s greenlighting, producing, and releasing what it considers a “TV show.”\n\nThat doesn’t mean that the Netflix model has to pivot entirely to short-form to keep up with the competition, but it may need to reconsider how people want to stream. Viewers may no longer want to commit the hours and weeks it takes to get through a show and all of its subsequent seasons, for instance. They want something that feels more “finishable,” the way you can easily get through a YouTube video or TikTok series from a creator.\n\nA simple fix could see Netflix try prioritizing single-season shows, traditionally known as a miniseries or limited series , allowing people to tune into a completed work without having to worry whether it would end on a cliffhanger and never be renewed.\n\nNetflix could also experiment with breaking up shows into smaller chunks, like the before-its-time Quibi model.\n\nThe Jeffrey Katzenberg-backed startup, Quibi, had bet that people would eventually gravitate toward TV content designed to be consumed in shorter sessions. Unfortunately for Quibi, the pandemic hit , and people suddenly had a lot of time to watch TV, leading to its demise.\n\nMany Netflix shows could be easily revamped for shorter viewing sessions, particularly lightweight competition shows like “Nailed It,” “Is It Cake?,” or “Squid Game: The Challenge.” Meanwhile, Netflix could surely produce better microdramas than the ones currently on the market with their awful acting and ridiculous storylines.\n\nTo generate interest in its higher-quality content, some Netflix shows could be shifted to the weekly release model. This is something Netflix has already proven works in specific cases. For instance, it drops new episodes of its reality show “Love Is Blind” in weekly dumps , making it great watercooler fodder as everyone is watching the new episodes around the same time. (Faster consumption models could work, too. For instance, Peacock’s “Love Island USA” is the reality hit of the summer, as there’s a new episode almost daily).\n\nBut instead of experimenting with different types of short-form content for quick entertainment, combined with slower releases for seasons, or focusing more heavily on miniseries worth watching, Netflix has been dabbling in other areas.\n\nAs of late, it’s expanded its lineup with podcasts, which reportedly no one is watching , and live content , which can be hit or miss. In terms of the latter, Netflix investments in live sports have generally done well, but its recent entry into live reality competition shows , “Star Search,” has already been canceled despite a clever real-time voting feature. More work here is still needed.\n\nBloomberg’s report framed the problem facing Netflix as a failure to create loyal TV viewers who tune into a Season 2, but the underlying issue facing the streamer is much bigger. Netflix may need to rethink whether it still needs to focus on competing with traditional TV and its long-running shows, or whether it should focus on entertainment projects whose storytelling arcs have less filler and wrap up more quickly.\n\nTo find the right balance between viewers ditching cable and those who just want something better than TikTok, Netflix is finding itself needing to reinvent TV all over again.','2026-07-06 17:47:33','2026-07-08 09:13:04',1213,7,'b39e6a7bc078f944ef36420d4ca3a6ecc9b8c6cef40fefcd9819b85b91d1590e','2026-07-08 09:13:04','2026-07-08 09:13:04'),(25,'https://www.theverge.com/games/963024/microsoft-xbox-reset-obsidian-fallout-layoffs',8,17,'Microsoft’s Xbox reset is pivoting Obsidian to make Fallout instead of Avowed','Obsidian Entertainment, behind games like Grounded and The Outer Worlds, is starting work on a new Fallout title and has canceled “multiple projects,” including a sequel to Avowed, according to Bloomberg.','As part of Microsoft’s big Xbox “reset,” which includes layoffs affecting 3,200 staffers, jettisoning studios, and shifting investments to focus on “higher priority projects,” Obsidian Entertainment is changing its plans. The studio, behind games like Grounded and The Outer Worlds, is starting work on a new Fallout title and has canceled “multiple projects,” including a sequel to last year’s Avowed, according to Bloomberg. Despite the success of the Fallout TV show, which is getting a third season, Xbox hasn’t released a new game in the series since 2018’s Fallout 76. Josh Sawyer, Obsidian’s studio design director, will head up the new Fallout game. Sawyer, who has also served as director on 2022’s Pentiment and on Fallout: New Vegas, had apparently been directing an RPG that was “similar structurally and thematically to Fallout but was not part of the franchise,” Bloomberg says. As for the Avowed sequel, Bloomberg reports that development was “going well” and would have been announced within the next year. Obsidian still plans to work on the early access game Grounded 2 and on DLC for The Outer Worlds 2. Xbox spokesperson Delaney Simmons declined to comment. The company laid off about 25 percent of Obsidian’s staff this week, according to Kotaku.','2026-07-08 18:50:27','2026-07-08 19:32:28',204,2,'d5c070f74718909c6d898c1b460ab4bb34346faab18cbb711f73d49e86cb8ecb','2026-07-08 19:32:28','2026-07-08 19:32:28'),(26,'https://www.theverge.com/transportation/962753/fiat-topolino-ev-us-price-specs-micromobiilty',8,16,'America’s cheapest new EV is smaller than a ping-pong table and tops out at 19mph','Fiat announced the $13,995 Topolino electric vehicle is now available in the US. But it’s not really a car, but more of a micromobility vehicle.','When searching for an affordable electric vehicle these days, there are always tradeoffs. How much range are you willing to sacrifice, how much leg room and storage space, how many features, in the pursuit of that magic sticker price that won’t break the bank? The Fiat Topolino is basically the ultimate embodiment of those tradeoffs. For the dirt cheap price of $13,995, you get a top speed of 19mph, an all-electric range of 46 miles, and a wheelbase that’s barely longer than one and a half king mattresses. In fact, the Topolino is less of a car and more of a micromobility vehicle. Fiat isn’t trying to hide that fact. In it’s announcement this week about the Topolino’s arrival in the US, the Stellantis-owned automaker refers to the bite-sized EV as part of “the fast-growing micromobility space.” (It also cringingly calls the Topolino “a little piece of la dolce vita,” but that’s neither here nor there.) The 5.4kWh battery can be topped up in approximately five hours when plugged into a 2.3 kW AC charger. Indeed, the Topolino has more in common with an electric quadricycle or a golf cart than it does with a Tesla Model Y. But as we’ve seen with the recent launch of the Slate Truck and Amble One electric buggy, there’s plenty of activity swirling around smaller, more compact, and noticeably cheaper EVs — especially as high gas prices are making more people reconsider the trucks and SUVs sitting in their driveways. Of course, the Topolino won’t be for everyone. As a restylized Citroën Ami, it’s designed primarily for short trips in an urban setting, as it’s not yet legal for highway driving. And if 19mph is too slow for you, a complimentary Low Speed Vehicle conversion kit will be available later this summer to increase the Topolino’s max speed to an eye-watering 25mph. Buckle up, baby. Or in the case of the versions without a real door, stay behind the braided rope. [Image: https://platform.theverge.com/wp-content/uploads/sites/2/2026/07/BU026_099EV_ff0380.jpg?quality=90&strip=all] [Image: https://platform.theverge.com/wp-content/uploads/sites/2/2026/07/BU026_100EV.jpg?quality=90&strip=all] [Image: https://platform.theverge.com/wp-content/uploads/sites/2/2026/07/BU026_101EV_6881c4.jpg?quality=90&strip=all] Fiat is leaning into the golf cart comp, noting that many owners take their golf carts far beyond the course. To them, this reflects a pent up desire for smaller, slower, less burdensomely huge personal vehicles — but also not necessarily exposed to the elements like an electric bike. Which is not to say there will be a stampede at the Fiat dealership to snatch one of these up. Small cars have not historically sold well in the US. Fiat started out promising, selling over 43,000 vehicles in 2012, its first full year in the US, according to CNBC. Those sales have all but disappeared, with the brand only logging 1,300 sales in 2025. The Fiat 500e, the company’s only slightly larger electric two-door, was leasing for $0 down and $0 a month in Colorado a few years ago. Demand for these types of cars isn’t what I would consider dependable. But the buzz around Japanese kei trucks, for example, has others trying to triangulate whether small cars are just waiting to break out in the US. Even President Donald Trump couldn’t hide his enthusiasm, declaring them to be “really cute” and desiring to see them built in the US. A week after those comments, Fiat announced that the Topolino would be arriving in the states. (The automaker denied there was a link to Trump’s statement.) The Topolino certainly has its tradeoffs, but it’s sheer cuteness could help it find a devoted audience. I could see this doing very well at a resort or an amusement park. Just don’t try taking any tight turns too fast.','2026-07-08 17:57:53','2026-07-08 19:32:28',600,3,'bab656369db386004ff60416f50195e3f6159f12bed3915066dec37621d35fdb','2026-07-08 19:32:28','2026-07-08 19:32:28'),(27,'https://www.theverge.com/gadgets/962163/switchbot-bot-rechargeable-hands-on-review',8,18,'Cockroaches will learn to fear my SwitchBot Bot Rechargeable','SwitchBot’s Bot Rechargeable’s robotic arm flips on light switches and presses buttons. Setup requires some trial and error, but it works reliably once installed.','A little robotic switch-flipper has become my sidekick in combating cockroaches. Before I got the SwitchBot Bot Rechargeable, I’d tiptoe through the dark every morning, hoping I wouldn’t step on one of those terrible bugs scurrying around as I made my way to the light switch across the room. Now I’m ready for battle before I even enter the room because I can switch it on from afar, thanks to the $33.99 SwitchBot Bot Rechargeable. The small gadget attaches via adhesive near a switch or button and uses its tiny robotic arm to physically press or pull it for you. You can automate anything with physical power buttons, from coffee makers, light switches, and garage door openers to laundry machines — it makes “dumb” gadgets a little smarter. If you pair it with a SwitchBot Hub, you can then control it hands-free via voice assistants like Amazon Alexa and Google Assistant, as well as from outside of your home. [Product: SwitchBot Bot Rechargeable | https://www.amazon.com/SwitchBot-Rechargeable-Switch-Button-Bluetooth/dp/B0GQPWD5BT/?tag=theverge02-20, https://go.skimresources.com/?id=1025X1701640&xs=1&url=https%3A%2F%2Fus.switch-bot.com%2Fproducts%2Fswitchbot-bot-rechargeable] The SwitchBot Bot Rechargeable’s capabilities are identical to the original SwitchBot Bot that costs a little less. But, as you might have guessed from its name, the newer model has a USB-C rechargeable battery instead of using disposable batteries. While more eco-friendly, its advertised battery life is significantly shorter, lasting up to six months on a charge if you only have the switch triggered once per day (versus up to 600 days with the original model). Still, the rechargeable route is just easier for me. I like knowing I can simply plug the Bot in for a while as needed instead of worrying about buying replacement batteries every couple of months. [Image: SwitchBot thankfully includes an extra adhesive pad in the box, which I needed to use during installation. https://platform.theverge.com/wp-content/uploads/sites/2/2026/06/268592_SwitchBot_Bot_Rechargeable_SVasani_0001.jpg?quality=90&strip=all] Installation can vary in complexity depending on how you want to use it. My simple use case, for example, required more trial and error than I expected. The arm needs to be positioned precisely so it can reach the switch, push it in, and pull back. Of course, setting it up is still significantly easier than rewiring a switch or replacing it with a smart one, but it’s not quite the set-it-and-forget-it experience I imagined. Installation might be easy for you, but be prepared for a little bit of experimentation to find the right fit. The Bot also includes a small plastic attachment that sticks directly to your light switch. Once looped around the Bot’s arm, it allows it to physically turn the switch on with a push and off with a pull. Installing it tripped me up more than anything else. It wasn’t immediately obvious to me where the attachment should go, and I initially kept placing it toward the middle of the switch when it should have been at the bottom. The instructional video hints at this, but the written instructions just vaguely instruct that you attach it to the switch panel. That led to several rounds of removing and repositioning the adhesive before I finally got everything aligned correctly. [Image: Once installed, it worked like a charm. I wish I had chosen the white Bot, though, as it would have blended in better than black. https://platform.theverge.com/wp-content/uploads/sites/2/2026/06/268592_SwitchBot_Bot_Rechargeable_SVasani_0002.jpg?quality=90&strip=all] Once everything was installed correctly, I was happy with how the Bot performed. Throughout my testing, the Bot remained securely attached, responding reliably from across my apartment, and it never missed a scheduled action. It’s been nice confidently walking into a brightly lit kitchen instead of fearfully tiptoeing through the dark. Beyond that, there’s something oddly satisfying about watching the tiny robotic arm physically flip a switch. The SwitchBot Bot Rechargeable makes less sense to buy in a house that’s already filled with smart bulbs and smart plugs. But most of us have at least one appliance or switch we’d automate if we could. The SwitchBot Bot Rechargeable is a clever, relatively inexpensive solution. Installation might require more patience than simply sticking the device where you think it should go, and it’s a little chunky. But the automation works like a charm, and it does exactly what I hoped it would: It aided me in a small but helpful way in my battle against the roaches.','2026-07-08 17:30:00','2026-07-08 19:32:28',701,4,'8acbe38edbe4a45de5cf079278edf50eaa8caaafb191f0c5615602857662fa3a','2026-07-08 19:32:28','2026-07-08 19:32:28'),(28,'https://www.theverge.com/games/962837/microsoft-xbox-spin-off-sell-divest-layoffs-asha-sharma',8,17,'If Microsoft sold off Xbox, who would even buy it?','Following Xbox’s layoffs and as Microsoft invests much of its resources into everything AI, it seems possible that Microsoft could be preparing to eventually exit the gaming business altogether.','This week, Microsoft took a huge ax to its Xbox business. The company announced that it would be laying off 1,600 workers now, 1,600 more over the next fiscal year, and that it would be shedding four studios. Xbox CEO Asha Sharma hasn’t been shy about why she’s making such dramatic cuts, saying in a memo that the business is “not healthy.” Speaking to Fortune, she said that “we simply spread ourselves too thin.” Given the scale of the changes and Xbox’s currently vague strategy of focusing only on big games, it’s unclear just what the future of the platform is. As Microsoft invests much of its resources into everything AI, a struggling consumer business with a difficult future doesn’t necessarily seem like a good fit for the company. Which opens up the possibility that Microsoft could be preparing to eventually exit the gaming business altogether by selling off Xbox. This, in turn, raises an even bigger question: Who could possibly buy Xbox? While nothing has been confirmed, Microsoft’s recent moves make selling off the brand seem like a possible option, as New York University professor Joost van Dreunen tells The Verge. “A wholesale divestiture of Xbox remains on the table, and it looks likelier given Xbox’s struggles with rising hardware costs and Microsoft’s focus on AI and infrastructure,” he explains. “It’s never been clear what role Xbox plays in Microsoft’s flywheel.” But a full sale is the “less likely path,” van Dreunen says. Few buyers, even giants like Netflix, Amazon, Tencent, or a sovereign wealth fund that could theoretically afford the business, would want “an entire interactive-entertainment conglomerate running north of $23 billion in annual revenue.” [Image: https://platform.theverge.com/wp-content/uploads/sites/2/2026/07/ss_9470157e11a7b26c49236ed692cf822cb06fc1b4.1920x1080.jpg?quality=90&strip=all] Despite the cuts, Microsoft still has a lot under the Xbox umbrella. It operates a hardware business that sells (increasingly expensive) Xbox Series X / S consoles, and one of the first things Sharma did was tease Xbox’s next-generation console, codenamed Project Helix. It still operates a massive roster of game developers: Halo Studios (which works on Halo), Bethesda Game Studios (Fallout, The Elder Scrolls), Mojang Studios (Minecraft), Call of Duty studios like Infinity Ward and Treyarch, The Coalition (Gears of War), Playground Games (Forza Horizon, Fable), Blizzard Entertainment (Overwatch, Warcraft), King (Candy Crush), and Rare (Sea of Thieves). (Kotaku has a great list of the current state of Xbox’s studios, if you want a refresher.) Yoshio Osaki, president and CEO of market research firm IDG Intelligence, tells The Verge that “I think all options are on the table, considering the drastic measures already put in place to try and restructure the business at both a cyclical and structural level.” Osaki notes that in “earlier years,” it may have been possible for a company like Tencent to explore a wholesale purchase, “since the Western market, especially console, has been more elusive for them.” But nowadays, Tencent seems to be stepping back from the space, as it’s reportedly looking to negotiate exits from many game investments in Japan. That move follows other reported pullbacks from groups that had been known for sweeping investments in games, including Chinese internet giant NetEase and the Saudi government-funded Savvy Games Group. As for another large tech company taking Xbox over, that seems unlikely; Osaki points to Meta seemingly divesting out of games following its recent metaverse layoffs and VR studio closures, while Amazon is focused more on its Luna cloud gaming service and using games to highlight other properties it’s building around, like James Bond and Tomb Raider. Entertainment companies like Netflix and Disney could also be potential buyers, but their gaming strategies have generally “veered away” from major mergers and acquisitions in recent years, Osaki notes. Netflix, for example, has had a presence in games for years, but it has let go of many prestige indie titles in its mobile catalog and a AAA studio that never released a game in favor of TV games players can control with a smartphone. While some of Xbox’s more approachable fare, like Candy Crush or Minecraft, could fit at Netflix, it seems unlikely that something like Halo or The Elder Scrolls would translate well to a TV party game. We don’t know what Microsoft’s asking price for Xbox would be. But likely part of the reason it would have few potential suitors is that, if we look at other recent gaming megadeals, the price would be prohibitively high. EA’s take-private deal values the company at $55 billion. Microsoft acquired Activision Blizzard in a $68.7 billion deal. The entirety of Xbox, inclusive of things like its franchises, studios, and hardware business, would cost significantly more. Van Dreunen says that the more likely scenario is that big players might go after “specific pieces” of the Xbox business. Osaki similarly notes that it’s possible that “individual studios, IPs, and teams are sold or spun off piecemeal.” Microsoft has already shown that it’s willing to do that; it allowed Compulsion Games and Double Fine Productions to go indie, while Ninja Theory and Undead Labs have been sold to unspecified buyers. [Image: https://platform.theverge.com/wp-content/uploads/sites/2/2026/07/MCV_SummerDrop2026_Launch_Screenshots_Caves_1920x1080.png.jpeg?quality=90&strip=all] Sharma hasn’t even been in her role for six months, so it might be a while before we see the full ramifications of her decisions. Many of the remaining studios are focused on household names like Halo, Call of Duty, Warcraft, Minecraft, and Candy Crush, signaling that Xbox is zeroing in on big properties. Sharma is also elevating Mojang and King by having them report directly to her, saying that the studios “have increasingly become platforms and are our largest by monthly active players.” Minecraft could be a preview of Xbox’s model ahead; Sharma believes Microsoft has massively underinvested in the game, according to Game File, and she has appointed Helen Chiang, formerly corporate VP of the Minecraft franchise, to be Xbox’s first COO. Opinions vary on when we’ll get a clearer view of Xbox’s future. Osaki thinks it’ll be by “year end,” while van Dreunen says that it could be “within 24 months.” But what is clear is that, whatever fate awaits Microsoft’s gaming division, the changes at Xbox are far from over. “As Microsoft looks to free up cash for its AI build-out,” van Dreunen notes, “scaling Xbox back, or selling off parts of it, starts to look worth it.”','2026-07-08 17:10:05','2026-07-08 19:32:28',1042,6,'98a4f7824fc6ae1a98f2b0e6eae7496e64c989cff3dbd5fef2c28f797265cd74','2026-07-08 19:32:28','2026-07-08 19:32:28'),(29,'https://www.theverge.com/gadgets/962910/twelve-south-airfly-pro-summer-travel-gadgets-deal-sale',8,18,'Twelve South’s AirFly Pro is a great travel companion, and it’s on sale for $40','The Twelve South AirFly Pro is $39.99 ($15 off) at Amazon. The transmitter lets you use your wireless headphones with in-flight entertainment systems.','If you’ve got a summer trip coming up, the last-gen Twelve South AirFly Pro is one of those gadgets that can make a long flight feel a little shorter. It lets you use your wireless headphones with in-flight entertainment systems, and right now it’s on sale for $39.99 ($15 off) at Amazon. That’s the best price we’ve seen all year and just $7 shy of the all-time low we last saw in January 2025. [Product: Twelve South AirFly Pro | https://www.amazon.com/dp/B07Z13G1P5?th=1&tag=theverge02-20] For just $5 more than the AirFly SE, the Pro adds a handful of useful extras, one of which is support for both Bluetooth transmitter and receiver modes. That means you can use your wireless headphones with an airplane’s entertainment system during a flight, then stream music from your phone to compatible wired speakers and sound systems once you’ve landed. Unlike the SE, it also supports two pairs of Bluetooth headphones at once, so you can share a movie or podcast with a travel companion. Plus, its 25 hour battery life should be enough to last through even the longest international flights. The AirFly Pro is useful in other ways, too. During your vacation, you can use it to connect your preferred music streaming service to an older rental car stereo, or your ear buds to a Nintendo Switch. Once you’re back home, it can also connect your wireless headphones to compatible gym equipment and other devices with a standard 3.5mm audio jack.','2026-07-08 17:09:28','2026-07-08 19:32:28',244,2,'166c19aed60b381375aec7686f2e9ca1e05b1df8c34715c8d9d64c276ec357c8','2026-07-08 19:32:28','2026-07-08 19:32:28'),(30,'https://www.theverge.com/ai-artificial-intelligence/962856/chatgpt-upgraded-voice-mode-gpt-live',8,10,'ChatGPT’s upgraded voice mode is better at shutting up','OpenAI is launching a new GPT-Live-1 model that will power ChatGPT’s voice mode, allowing for fewer interruptions and more natural-sounding conversations.','OpenAI is overhauling ChatGPT’s voice mode with a new model that it says is more like “talking to another person.” The new GPT-Live-1 is designed to interrupt you less and will also wait for you to continue speaking if you pause mid-conversation. During a press briefing, OpenAI research lead Kundan Kumar called GPT-Live-1 the company’s “smartest voice model” yet. It will automatically pass your queries to its best text models, like GPT-5.5, when it needs to reason or search the web, allowing it to more quickly transition from researching the topic you’ve asked about to talking about its findings. The upgraded model will also supplement conversations about the weather, stocks, and sports with AI-generated visuals showing relevant information like sports scores or this week’s forecast. ChatGPT previously relied on an older, turn-based voice model, which didn’t always produce accurate answers and sometimes struggled to maintain a natural conversational flow. “This is a full duplex model,” OpenAI product lead Atty Eleti said during the briefing. “What it really means is that it can speak and listen at the same time. … From the model side, it can process the stream of inputs and produce the stream of output continuously and simultaneously.” This setup opens up new features for ChatGPT’s voice mode, such as real-time translation. Now, instead of waiting until you stop talking to translate your speech, ChatGPT can translate while you talk. You can also now ask ChatGPT Voice to stop talking until it’s called on, which OpenAI says wasn’t possible before. It will acknowledge that it’s listening with phrases like “mhmm” or “yeah” and “got it,” too. OpenAI notes that it has added built-in safeguards that steer the model away from harmful responses or end chats completely in “higher-risk” situations. (OpenAI is currently facing a string of lawsuits alleging ChatGPT fueled delusions and harmed the mental health of its users.) The model is trained to offer “expert-vetted crisis helpline support” in conversations about self-harm as well, and is also designed to provide “age-appropriate” responses for teens. GPT-Live-1 is rolling out across iOS, Android, and on the web. It will power ChatGPT Voice for Go, Plus, and Pro subscribers, while a smaller, more efficient GPT-Live-1 mini model will be the default for free users.','2026-07-08 17:00:00','2026-07-08 19:32:28',374,2,'fe312e8702e64f6cfc55c41950a44d1e22d7f6ed01a28d7a5fb3b37e74d1ce4d','2026-07-08 19:32:28','2026-07-08 19:32:28'),(31,'https://www.theverge.com/gadgets/962538/mondo-robotics-beni-robot-dog-preview',8,18,'This jumping $800 robot camera dog filled me with joy','The Mondo Robotics Beni, launching on Kickstarter today, is a robust and agile robot camera that can jump, flip, and follow you down stairs. It’s shipping this fall.','What if you had a drone that wasn’t a buzzy, annoying fly people wanted to swat — but rather a cute dog that runs and jumps? What if it could do tricks on command and film your tricks as well? What if it could get right back up after a nasty-looking crash, dozens of times in a row? The first time I saw Beni on Instagram, I immediately thought it was AI video slop. Surely consumer robots aren’t that smart and agile in 2026? Then I took the real robot for a spin. Truth is, Beni does need work. But my first two-hour demo was so much fun, I badly want one for myself. [Media: https://www.tiktok.com/t/ZTSQHDr6c/] For roughly $600 on Kickstarter today or $800 full retail, Shenzhen-based Mondo Robotics is selling the dream of a two-legged robot dog that automatically follows you or your pet around. It claims that Beni can zip down the road at nearly 18 miles per hour, jump up to 10 inches into the air, hop up stairs, and last for up to 1.5 hours on a charge, filming and editing in super-stable 4K30 HDR (or 3K60, or 1080p100) as it goes. You can control it with one or two virtual joysticks in the app, or the joystick built into its bundled controller that can optionally strap to your wrist like a watch. Or, just set it to follow you from behind, film you from the side, or orbit around you like a drone. [Image: https://platform.theverge.com/wp-content/uploads/sites/2/2026/07/beni-controller.jpg?quality=90&strip=all] I couldn’t test all of that in one afternoon, and I have my doubts about the “automatically” part if it’s aiming to ship this fall. In my early demo, I had to manually activate its tracking modes, and Beni’s twin 150-degree obstacle avoidance cameras and UWB wrist tracker weren’t enough to keep it from clipping corners, smacking walls, or even running into my foot while trying to keep up with my kick scooter. (It did far better when I simply walked the streets of downtown Oakland.) But I was floored by how stable and durable this bot truly is. It followed me down multiple flights of stairs, and even when I repeatedly and intentionally ran it into walls and off ledges, it always bounced back with no more than a deep scuff. And yes, it really can jump like it’s got a pair of Speed Racer’s auto-jacks! It’s so fun. [Image: You can make Beni jump at any time with the press of a button or even the flick of a wrist with that watchband controller on. https://platform.theverge.com/wp-content/uploads/sites/2/2026/07/beni-jump.webp?quality=90&strip=all] The trick is the legs. Motors in the shoulders fling the lower legs downward, while spring-filled cylindrical joints absorb the shock. When my Beni landed after this spectacular jump, it stayed on its feet — but even when it doesn’t, it immediately recovers by rotating those legs to get its wheeled feet back underneath its body. Check out my embedded video in this story to see just how much beating Beni can take and still get up again! (It’s also at YouTube.) Beni’s got just enough personality that I felt a little bad slamming it into all those walls. You can pet it on the head, and it’ll jump or shake or coo at you while flashing colorful light (roughly 37 lux, these aren’t headlights) from its Wall-E-esque binocular eyes. [Image: https://platform.theverge.com/wp-content/uploads/sites/2/2026/07/DJI_20260701133010_0662_D.jpg?quality=90&strip=all] The fact that it can look with its head before turning its body also helps make Beni seems alive — and it theoretically lets Mondo get away with just two obstacle avoidance sensors that point forward when it’s filming you from the side. There’s even a setting in the app that’ll let Beni rotate its head fully backwards so it can film you from the front, though I didn’t have time to try that one. [Image: https://platform.theverge.com/wp-content/uploads/sites/2/2026/07/DJI_20260701133028_0663_D.jpg?quality=90&strip=all] Around back, Beni has a big 31 watt-hour swappable battery with built-in power button, a covered microSD slot for expanding beyond its 32GB of built-in storage, and a hidden USB-C port above the battery for charging and data transfer. The movable orange ears aren’t just so you can cock them at different angles to give your doggo different looks — you can unscrew the nubs underneath each of them to expose 1/4-inch tripod threads to attach standard photo/video accessories. You can also swap out the outdoor wheels for indoor ones with a single pinch, though the basic kit only comes with the one set. There’s also currently two additional sets of electrical contacts for future-proofing, including four at the top that might help Mondo add a treat-tosser for your pets, and two at the bottom that could enable a future dock-and-charge station for your home. Mondo says it’ll release a 4G dongle in China that plugs into the USB-C port, so users there can drive it remotely, and it also plans to provide 3D printer files for additional camera mounts and body armor, like this: [Image: https://platform.theverge.com/wp-content/uploads/sites/2/2026/07/20260701_122850-EDIT.jpg?quality=90&strip=all] It seems like there’s planned depth in the app for power users, too. Mondo marketing director Cody Skene and creative director Ryo Miyamoto show me how you can adjust Beni’s ride height, the pitch of its camera and the degree of its stabilization, how quickly Beni moves and turns, even the curves of its joysticks. [Image: https://platform.theverge.com/wp-content/uploads/sites/2/2026/07/20260701_114734.jpg?quality=90&strip=all] And while Mondo isn’t necessarily making a full twin-stick controller of its own, Miyamoto shows me how Beni can work with third-party controllers, too, handing me a full-fat racing transmitter and a pair of Xreal glasses he’s rigged up to Mondo’s app for FPV control. He says it’s even more fun with the Logitech G29 racing wheel he’s got at home, saying that it can plug right into a phone, and thus into Mondo’s app, as long as you’ve got a way to power it. He’s got a big external battery for that. This is a Kickstarter project from a relatively unknown startup, so the usual caveats apply: it’s always possible it’ll never ship, or never ship to you, getting stuck in certification or customs limbo like some projects do. While this isn’t a flying drone, it does come from DJI veterans, though Skene assures me the company has no other connection to DJI and its robot is entirely manufactured in-house. He says he’s confident Beni will ship this fall. After a couple hours with Beni, my takeaway is this: Even if it doesn’t fulfill the follow-me dream to the degree its marketing videos show, it’s not like many other companies are building a self-balancing, self-righting, jumping R/C toy with a built-in 4K camera that my kids will want to pet. If there isn’t some fatal flaw by the time it hits production, this one’s going on my Christmas wishlist.','2026-07-08 15:00:00','2026-07-08 19:32:28',1121,6,'e70ab03566f73069324fe31a3c801d92459b6e8f4c809a36d013fd22a941d2f4','2026-07-08 19:32:28','2026-07-08 19:32:28'),(32,'https://www.theverge.com/tech/962781/google-pixel-11-lineup-price-increase',8,19,'The whole Pixel line could get more expensive this year','Google is getting ready to take the wraps off its latest Pixel lineup in August, but its new devices may cost more than last year’s models.','Google’s upcoming Pixel lineup might cost more than last year’s. A report from Dealabs spotted by 9to5Google suggests that Google could raise the starting price of its 41mm Pixel Watch 5 to $399, while adding LTE could bump the price to $499. That’s a $50 jump from the base Pixel Watch 4, which starts at $349 for Wi-Fi and $449 for LTE. Meanwhile, the larger 45mm Pixel Watch 5 is rumored to cost $429 with Wi-Fi only, or $529 with LTE, marking a $30 increase from the previous generation. A separate report from Dealabs details the potential European pricing for the Pixel 11. The report suggests that Google could drop the lowest 128GB storage configuration option for the Pixel 11, raising the device’s starting price to €999 with 256GB of storage, while the Pixel 11 Pro could start at €1,199. Last year’s base Pixel 10 model cost €899 with 128GB of storage, while the Pixel 10 Pro started at €1,099. Although the starting price of both devices may increase, the price of the 256GB configuration is rumored to remain the same. The Pixel 11 Pro XL and Pixel 11 Pro Fold may get a €100 increase across the board, putting their starting prices at €1,399 and €1,999, respectively, according to Dealabs. These potential price increases shouldn’t come as a surprise, as device makers across industries are contending with a global memory and storage shortage due to increased demand from AI companies. Several companies have already raised the prices of their devices or axed certain memory or storage variations. A previous rumor suggested that the Pixel 11 could start with 8GB of RAM instead of last year’s 12GB as a result of the shortage. Google will take the wraps off its new Pixel devices at a launch event on August 12th.','2026-07-08 14:43:13','2026-07-08 19:32:28',300,2,'0eb6271d5d2b0c19168eb2d7d47e2fded3178861e87ab82c8d1cb34a3350fbdd','2026-07-08 19:32:28','2026-07-08 19:32:28'),(33,'https://www.theverge.com/gadgets/962754/msi-gaming-laptop-ethernet-switch-pc-steam-game-deal-sale',8,18,'Gaming laptops are too expensive right now, but this one’s a good value','MSI’s Katana 15 is a solid deal at $1,133. You can also save on a 4K Blu-ray Teenage Mutant Ninja Turtles trilogy bundle, and save on Death Stranding 2 on Steam.','It’s not a great time to shop for a gaming laptop. The unprecedented rise in cost for RAM (and storage to a slightly lesser extent) has made laptops with low-to-midrange specs cost much more than they should. Recent deals on gaming laptops worth your attention have been uninspiring, but one recently caught my eye: MSI’s Katana laptop with a 15.6-inch 1440p display, Nvidia’s RTX 5060 GPU, a fast Intel Core i7 CPU, and the pairing of 16GB DDR5 RAM and a 1TB SSD costs $1,133.67 at Amazon. [Product: MSI Katana 15 HX (2025) | https://www.amazon.com/dp/B0FRVZ7CLY?th=1&tag=theverge02-20] It’s a little painful to be able to recall a time when you used to be able to sometimes find the 4070 or the 5070 GPU variants in laptops around this price point, but those times are behind us for now (but hopefully ahead of us, too, sooner than later). Regardless, the Katana is a good value if you’re shopping in the $1,100 ballpark. I particularly like that its screen has a fast 165Hz refresh rate, and that it’s not hurting for ports. In addition to its barrel plug charging port, it has three USB-A 3.2 Gen 2 ports, a single USB-C 3.2 Gen 2 port that can output video, an HDMI 2.1 port supporting up to 8K at 60Hz or 4K at 120Hz output, Ethernet, and a headphone jack. While RAM is bananas expensive right now, the Katana supports up to 96GB of DDR5 RAM clocked at 6,000MHz via two user-accessible slots. It has just one M.2 SSD slot, though. All of the specifications are listed on MSI’s site. Other Verge-approved deals for your consideration * You might already have a good Ethernet switch, but maybe you’ve been kicking around the thought of upgrading. Ugreen’s 10-port gigabit switch doesn’t seem all that remarkable, if not for the fact that eight of its ports support power over Ethernet (PoE). More smart home devices are launching with support the tech, which lets you power devices and supply internet connectivity with a single cable. The switch — now down to $37.97 at Amazon (it fluctuates between this price and around $50) — can deliver up to 60W to certain devices, and it’s over $20 less than TP-Link’s similar model. If you don’t envision using this feature, you can get a switch without PoE for much less money. * Hold onto your shells: the limited edition bundle of the live-action Teenage Mutant Ninja Turtles trilogy from the 1990s is down to $39.09 at Amazon and Walmart. Containing each of the films in 4K Blu-ray (Dolby Vision and HDR10-compatible) would be enough for me at this price, but the set contains a bunch of extras that fans like me will likely enjoy. It contains posters, cards, and other physical trinkets, plus director’s commentaries, interviews, and lossless audio. I wonder how young is too young to show these movies to my kid. I adored The Secret of the Ooze as a youngster. * Lastly for today, Death Stranding 2: On The Beach is $55.99 at Steam during the platform’s summer sale through July 9th. But you can get it for $10 less at Newegg. The online retailer is offering this price when you use the code 5DSUMMER at checkout. The PC port came out several months after the PlayStation 5 version launched, yet it’s great to see that it’s already more affordable to buy on Steam than a physical pre-owned copy for PS5 at GameStop. PC players can enjoy 21:9 aspect ratio support, plus a host of graphical improvements not present in the console version. Read our review.','2026-07-08 14:43:00','2026-07-08 19:32:28',598,3,'623d2214510937df873bbc01163ac149c24fc2d297cdeed50594ea8144467231','2026-07-08 19:32:28','2026-07-08 19:32:28'),(34,'https://www.theverge.com/tech/962224/fi-ultra-dog-tracker-starlink-t-satellite-specs-price-release-date',8,19,'Fi’s Starlink-enabled pet tracker found my dog when LTE couldn’t','Fi Ultra is the first dog-tracker to use T-Satellite with Starlink to help you find your pet when other connectivity fails.','Fi Ultra is the first Starlink-enabled pet tracker you can buy. It expands on GPS and LTE trackers, adding automatic failover to T-Mobile’s T-Satellite-branded direct-to-cell service when venturing into cellular dead zones. That lets owners tap into SpaceX’s constellation of low Earth orbit Starlink satellites to track their pets anywhere in the US. But it comes with a few tradeoffs based on our early testing, including relatively poor battery life for a pet tracker. Built to fit “adventure dogs of any size,” according to the company, the Fi Ultra is designed to be compatible with the dog collar or harness you already use. It costs $199 for the device (plus a $20 activation fee) and requires an $189 annual subscription. Along with LTE cellular connectivity, it features always-on, dual-band GPS, Bluetooth, and Wi-Fi for added precision. [Product: Fi Ultra Dog Tracker | https://go.skimresources.com/?id=1025X1701640&xs=1&url=https%3A%2F%2Fgo.skimresources.com%3Fid%3D1025X1701724%26xs%3D1%26url%3Dhttps%253A%252F%252Ffitracking.com%252F] There’s a 513 mAh battery slated to last two days in this wide 75mm × 40mm × 25mm tracker, which weighs 68g. Its IP68 and IP66K ratings protect against dust and water ingress, including saltwater. It also packs in a small vibration motor and speaker in support of Fi’s new shock-free Callback training system. To test the Fi Ultra, I drove about an hour away to near the Francis Marion National Forest in South Carolina, where the LTE drops off, and the alligators climb out of the rivers. It was easy to attach the tracker to my dog Gus’ collar, thanks to a spring-mounted clasp. But “dogs of any size” feels like a stretch. It looked big on Gus, an 80-pound wirehaired pointing griffon, and it’s easily wider than a Chihuahua’s neck, although toy breeds aren’t known for adventurous hikes. [Image: The Fi Ultra is slim and lightweight, but much wider than any other tracker I’ve tested. https://platform.theverge.com/wp-content/uploads/sites/2/2026/07/268623_Fi_Tracker_JTuohy_0002.jpg?quality=90&strip=all] The Fi Ultra connects to the Fi app, which shows a live view of Gus’ location. I simulated a lost-dog emergency by hitting Lost Mode, which ramps up all the radios to attempt to track him in real time (instead of checking in periodically). Outside of regular LTE, the tracker quickly connected to the Starlink-based T-Satellite network (indicated by a satellite icon in the app), and the map updated about every 2 to 3 minutes, showing where he was relative to me. While slow if you’re frantically searching for a lost pup, this is about the same update interval as when I tested it on 1 bar of LTE in my neighborhood. Three minutes is a long time, and by the next update, Gus could be anywhere (if he’d actually been on the lamb). But it’s better than nothing, which is the alternative in LTE-dead zones. [Image: https://platform.theverge.com/wp-content/uploads/sites/2/2026/07/IMG_7728.png?quality=90&strip=all] [Image: https://platform.theverge.com/wp-content/uploads/sites/2/2026/07/IMG_7743.png?quality=90&strip=all] [Image: https://platform.theverge.com/wp-content/uploads/sites/2/2026/07/IMG_7748.png?quality=90&strip=all] [Image: https://platform.theverge.com/wp-content/uploads/sites/2/2026/07/IMG_7666.jpeg?quality=90&strip=all] During my 30-minute live tracking session connected to Starlink satellites, there were a couple of times it got stuck “reconnecting” and didn’t update location for almost 5 minutes. According to Fi, the tracker prioritizes terrestrial cell towers. But when using T-Satellite, it has to change satellites often while still trying to acquire a terrestrial signal — because even one bar of LTE generally wins over satellite for connection stability. Fi says this sometimes results in reconnection lags as the tracker moves in and out of coverage. All those radios are tough on a tracker’s battery, and I barely got the promised two days on a charge during my week of testing. I had to charge it daily if I went for a long walk, or every other day when we were less active. During the 30-minute live tracking session alone, it dropped almost 20 percent. [Image: https://platform.theverge.com/wp-content/uploads/sites/2/2026/07/268623_Fi_Tracker_JTuohy_0005.jpg?quality=90&strip=all] [Image: https://platform.theverge.com/wp-content/uploads/sites/2/2026/07/268623_Fi_Tracker_JTuohy_0006.jpg?quality=90&strip=all] While it charged in under 2 hours via USB-C, the short battery life makes this more of an expensive tracker for occasional use than an everyday one. Fi’s other trackers, the Fi Mini and Fi 3 Plus collar, can last several weeks on a single charge and offer more features, including health, sleep, and behavior tracking. They are also included with a paid membership. The company said the battery life is due to the “added power cost of supporting satellite connectivity on top of cellular, plus more frequent high-accuracy location updates.” The device relies more on GPS for always-on tracking, unlike Fi’s non-Satellite-enabled trackers. However, the Fi Ultra can be added to an existing subscription for a flat fee of $299, which is a better deal long-term than buying it standalone. You can clip it onto an existing Fi collar, and the two devices will work together in the app, giving you confidence that you’re covered when hiking in areas with no cell service, while also getting the benefits of Fi’s standard dog tracker. I used to live in rural Idaho, where my dog Stanley regularly disappeared down valleys chasing deer, so I understand the appeal of a tracker that works beyond cellular coverage. If you regularly hike or camp in remote areas, Fi Ultra could be worthwhile as an expensive form of insurance. The T-Satellite fallback works and offers real peace of mind. Just be prepared to charge it far more often than a conventional GPS tracker. Photos by Jennifer Pattison Tuohy / The Verge','2026-07-08 13:00:00','2026-07-08 19:32:28',860,5,'209ba98a581f81a8291369559e20a4adbe0c8ee3b4443652c2b6549ef0fce71d','2026-07-08 19:32:28','2026-07-08 19:32:28'),(35,'https://techcrunch.com/2026/07/08/despite-misgivings-judge-approves-elon-musks-1-5-million-sec-settlement/',1,12,'','A judge has approved a $1.5 million penalty levied against Elon Musk that will settle a U.S. Securities and Exchange Commission lawsuit despite having “significant misgivings” about it.','A judge has approved a $1.5 million penalty levied against Elon Musk that will settle a U.S. Securities and Exchange Commission lawsuit despite having “significant misgivings” about it.\n\nU.S. District Judge Sparkle Sooknanan noted that her court would accept the settlement, Bloomberg reported Wednesday, which cited her court opinion .\n\nSooknanan’s approval settles a lawsuit filed by the SEC against Musk in early 2025 over how the billionaire handled his takeover of Twitter. The lawsuit, which was filed only days before Donald Trump took office, revolved around Musk’s failure to disclose to public investors, in a timely manner, his growing stake in the company in 2022.\n\nThe fact that Musk did not initially disclose his stake “ultimately saved him a whopping $150 million,” the SEC argued.\n\nIn May, Musk reached a settlement with the SEC that stipulated a trust in Musk’s name would be responsible for paying a $1.5 million penalty without admitting wrongdoing.\n\nSooknanan previously questioned whether Musk was receiving “special treatment” from the Trump administration. Musk helped to bankroll Trump’s campaign during the 2024 presidential race.\n\nIn her opinion, Sooknanan noted that her court was “limited to evaluating whether the proposed consent judgment meets minimum standards of fairness and reasonableness,” or whether it “make[s] a mockery of judicial power.”\n\n“Although the Court has significant misgivings about the settlement reached in this case, it cannot say that the settlement meets that high threshold,” Sooknanan wrote.',NULL,'2026-07-09 00:45:02',236,2,'108afeb3097505e5ce855ace62c89d1122993ecc9a3437fcd13c289184adea7e','2026-07-09 00:45:02','2026-07-09 00:45:02'),(36,'https://techcrunch.com/2026/07/08/lovable-reportedly-in-talks-to-double-its-valuation-to-13-2b/',1,12,'','Lovable, a Swedish vibe-coding startup, is in talks to raise $300 million at a valuation of $13.2 billion — exactly double the $6.6 billion valuation the company achieved last December, Sifted reported. Menlo Ventures, a firm that announced its latest $3 billion fund last month, is expected to lead the round, according to the report.','Lovable, a Swedish vibe-coding startup, is in talks to raise $300 million at a valuation of $13.2 billion — exactly double the $6.6 billion valuation the company achieved last December, Sifted reported . Menlo Ventures, a firm that announced its latest $3 billion fund last month, is expected to lead the round, according to the report.\n\nThe less-than-three-year-old startup hit $500 million in annualized revenue run rate in June.\n\nLovable’s users include founders, individual designers, and salespeople building websites and e-commerce storefronts. The company also sells its vibe-coding tool to large enterprises, including Workday, Asana, and Nvidia.\n\nVibe coding, which allows users to build software simply by describing it, is by far the most popular and lucrative use case for AI. Other high-profile vibe-coding startups include Replit, valued at $9 billion in March, and Factory, a startup that helps enterprises develop AI agents, which raised $150 million at a $1.5 billion valuation in April. Meanwhile, Cursor, which offers vibe coding for developers, was acquired by SpaceX for $60 billion last month.',NULL,'2026-07-09 00:45:02',171,1,'ac0816e80b3089198f94bd0b54fb141ac6846fb53b5c8ee2d7ffc570e56a012c','2026-07-09 00:45:02','2026-07-09 00:45:02'),(37,'https://techcrunch.com/2026/07/08/feds-demand-autonomous-vehicle-companies-stop-interfering-with-first-responders/',1,16,'Feds demand autonomous vehicle companies stop interfering with first responders','National Highway Traffic Safety Administration (NHTSA) Administrator Jonathan Morrison issued a directive Wednesday to autonomous vehicle (AV) developers, stating that it is unacceptable for their vehicles to interfere with first responders or law enforcement.','National Highway Traffic Safety Administration (NHTSA) Administrator Jonathan Morrison issued a directive Wednesday to autonomous vehicle (AV) developers, stating that it is unacceptable for their vehicles to interfere with first responders or law enforcement.\n\nMorrison noted in the letter that the agency has “identified a clear pattern of driverless AVs interfering with law enforcement and other first responders,” citing instances in which these vehicles drove into active emergency scenes, blocked the paths of ambulances and firefighters, or failed to recognize and respond to basic safety conditions like flashing lights, flares, smoke, fire, and traffic cones.\n\nThe agency has demanded that AV developers present their “solutions” to this problem by the end of the month.\n\n“Let me be clear: the inability to detect and appropriately respond to such situations represents a functional insufficiency,” Morrison’s letter reads. “Emergency scenes are not rare or extreme ‘edge cases.’ As such, NHTSA is today issuing a call to action for AV developers and operators to immediately focus their resources on fixing this issue.”\n\nThe agency doesn’t explicitly call out any particular company in the letter; however, the details suggest it is directed at robotaxi operators like Waymo.\n\nWaymo declined to comment.\n\nA previous TechCrunch investigation found that Waymo — which operates the largest robotaxi fleet in the United States, with vehicles in cities including Los Angeles, Phoenix, and San Francisco — has had repeated run-ins with first responders. In at least six incidents identified by TechCrunch through March of this year, first responders had to take control of Waymo vehicles and move them out of traffic during emergency situations. In one instance, an officer was in the middle of responding to a mass shooting. In June, an officer was recorded moving a Waymo to unblock a roadway for first responders headed to a natural gas explosion at an apartment building.\n\nThe agency’s letter to AV developers doesn’t say what the consequences would be if the request is ignored. Nor does it outline what the acceptable solutions would be. But the agency does imply it would hold companies accountable, just as it does human drivers who impede law enforcement.\n\n“Every second matters when law enforcement officers, firefighters, or paramedics are answering a call because lives are on the line,” the letter states. “That is why human drivers who impede these operations are subject to fines and even jail time.”\n\nThe agency also noted in a press release accompanying the letter that it’s making progress on updating Federal Motor Vehicle Safety Standards (FMVSS) requirements, which govern vehicle design and equipment requirements. These proposed changes could help autonomous vehicle companies like Tesla and Zoox, which are developing vehicles without steering wheels, pedals, or other features required on human-driven cars. The agency has already proposed rules that would eliminate the need for windshield wipers, sun visors, defogging systems, and tire placards. The agency released a new 2026 Regulatory Plan and Unified Agenda last week, outlining its proposals. The article was updated to include Waymo and its decline of comment.','2026-07-08 14:49:33','2026-07-09 00:45:03',500,3,'2fffeb915e1de5825320d5afd3d27eada81b77f73025d63bd724e3c009c86388','2026-07-09 00:45:03','2026-07-09 00:45:03'),(38,'https://techcrunch.com/2026/07/08/googles-deepfake-detector-system-used-to-debunk-mcconnell-hoax-pic/',1,12,'','Google’s SynthID system has been used to debunk a high-profile AI-generated hoax image, in a rare but significant win for the system.','Google’s SynthID system has been used to debunk a high-profile AI-generated hoax image, in a rare but significant win for the system.\n\nEarlier this week, a picture circulated online that seemed to show Kentucky Senator Mitch McConnell covered in tubes in a hospital bed in a state of extreme distress. The image was shared widely on Reddit and X , but by Wednesday, the revered fact-checking site Snopes had debunked the image, noting that, when checked, the image registers as containing the SynthID watermark designed by Google to identify AI-generated pictures.\n\nIn short, the watermark worked exactly as it was supposed to in a win for anti-deepfake technology.\n\nSenator McConnell’s health has been the subject of intense speculation since he checked into the hospital after an emergency call on June 14 . Since that time, he’s been largely absent from the public eye, fueling speculation that his health may be failing. In this case, however, the evidence proved to be entirely fake.\n\nLaunched at Google’s I/O developer conference in 2025, SynthID works as an invisible signature, visible to SynthID algorithms but designed to be unnoticeable to the casual observer. Because the signature is built into the image itself, it survives even when an image is screencaptured across multiple platforms, as the McConnell image was.\n\nSynthID’s main limitation is that it can only be used when an image-generation tool actively participates in the program. Gemini models have included the watermark since the program launched in 2025. OpenAI joined in May 2026, as part of a broader effort to fight malicious image generation . Anthropic does not participate in the program.\n\nUsers can check if images contain the watermark by asking a Gemini model or uploading them to OpenAI’s public image verification tool .',NULL,'2026-07-09 00:45:03',292,2,'46f56a2736f8816248ea1f277427a5c1133650917a1edd29aa8ab43bec26f123','2026-07-09 00:45:03','2026-07-09 00:45:03'),(39,'https://techcrunch.com/2026/07/08/with-eu-backing-quantumdiamonds-aims-to-speed-up-chip-manufacturing/',1,6,'With EU backing, QuantumDiamonds aims to speed up chip manufacturing','The race to produce more chips is on, and Europe is in. ASML, the Dutch company that has a near-monopoly on manufacturing the machines used for chipmaking, may soon no longer be an isolated success story.','The race to produce more chips is on, and Europe is in. ASML , the Dutch company that has a near-monopoly on manufacturing the machines used for chipmaking, may soon no longer be an isolated success story.\n\nLike its U.S. counterpart , the European Chips Act aims to foster the semiconductor industry — in part thanks to state subsidies. One of the beneficiaries is QuantumDiamonds , a German startup that applies a novel approach to inspecting chips.\n\nWith the approval of the European Commission, it has been granted €76 million in non-dilutive funding provided by Germany’s federal economy ministry and the state of Bavaria. The startup will use it to set up a new facility for the production of semiconductor testing equipment in Munich as part of a $178 million investment plan it had already announced.\n\nA spinout from the Technical University of Munich (TUM), QuantumDiamonds has also raised a €15 million equity round led by VC firm World Fund , TechCrunch learned exclusively. The company declined to disclose its valuation, but said its round was also backed by Bayern Kapital and existing investors including Creator Fund, Earlybird, First Momentum, IQ Capital, Onsight Ventures, and UnternehmerTUM.\n\nCEO Kevin Berghoff told TechCrunch that raising the round was a fairly quick process, as QuantumDiamonds was able to demonstrate customer pull. “We work with almost everyone in the chip ecosystem,” he said. With huge demand for all kinds of chips, there’s just as much demand for solutions to speed up the manufacturing process and improve the output.\n\nBy compressing a defect detection process that usually takes weeks into a two-minute inspection that doesn’t stop production lines, QuantumDiamonds claims that it can help the likes of Taiwan-based Foundries and Korea’s Memory Makers save hundreds of millions of dollars.\n\nThis means that its hardware is typically paid back entirely within a couple of months, Berghoff said. It also leaves room to cover the subscription fee that the startup charges for on-site support and for its software, which interprets the data and usually gives clients a strong indication of what they should address in their manufacturing process.\n\nBehind the scenes, this happens to be one of the first actual use cases of quantum technology — unlike chips, quantum sensing is already operational in its ability to generate magnetic fields that detect defects with high precision, and that’s all customers care about. “They couldn’t care less about it being quantum,” Berghoff said with a laugh.\n\nPresumably, neither do they care about the diamonds — but in case you are wondering, these are synthetic. What QuantumDiamonds does is leverage their tiniest properties to observe how electricity is flowing through chips. Compared to current inspections, which look at the top layer of a chip with a microscope of sorts, this has the advantage of detecting defects through all layers, without destroying the chip in the process.\n\nThis capability could be particularly relevant as chips are increasingly multi-layered. Startups such as Semron have been developing 3D chips, and the industry seems to agree this is the way to go for AI data centers, Berghoff said. “The thing is that the transistors cannot get smaller, so in order to get the same power and the same compute, you start to add more and more layers.”\n\nLarge competitors including “100 billion market-capped U.S.-based inspection companies” will likely adapt at some point, but QuantumDiamonds has first-mover advantage, Berghoff said. “There is no U.S. or Asian company that has shipped those tools.” The startup is already out of the lab, and on its way to moving from its clients’ labs to their fabs — the semiconductor manufacturing plants.\n\n“What we have now is a tool for a lab environment, where you do sample-based testing, and test maybe one out of a million chips,” Berghoff said. “What we now aim for is to also do high-throughput testing, meaning you can do 100% quality control in the fab itself.”\n\nThese machines are costly, although it depends on how you are comparing, Berghoff said. “We are in the single-digit millions for the lab tools. And the high-throughput system could be up to $10 to $15 million; but it would not be anywhere close to ASML machines that [cost] maybe $400 million. So it’s expensive, but for them, we are quite cheap.”\n\nThe comparison could work in other ways. “[QuantumDiamonds] can become Europe’s next ASML,” World Fund managing partner Daria Saharova wrote in a statement. That’s VC bullishness for you, but it could also play out differently. “ASML also wants to do more [when it comes to] inspection, so they are a typical company that might buy us at some point,” Berghoff said candidly — although ASML said recently it isn’t too keen on M&As .\n\nFor the time being, QuantumDiamonds may be more akin to another World Fund portfolio company: IQM, the Finnish quantum spinout that recently went public . Both companies come from Europe’s deep tech breeding ground, and aim to leverage European support and funding to go global.\n\nQuantumDiamonds is still at an earlier stage of its journey, but 2026 has been a year of international expansion for the startup, which opened a regional hub in Taiwan and completed its first commercial deployments both in Taiwan and in the U.S., where it installed a system at Eurofins EAG Laboratories in Sunnyvale, California.\n\nHowever, its new funding will also generate jobs in Munich, where most of its team of 70 people is based. That’s also where Berghoff and his co-founder and CTO, Fleming Bruckmaier, plan to double its engineering team over the next 12 months, taking advantage of affordable talent both with quantum and with semiconductor expertise. “We have what we need here to ship overseas,” Berghoff said.','2026-07-08 13:29:50','2026-07-09 00:45:03',952,5,'6a868ddf0c0b7f940840e3429832b2e88938c4053e5206f7a742617a7eb93108','2026-07-09 00:45:03','2026-07-09 00:45:03'),(40,'https://techcrunch.com/2026/07/08/autonomous-drone-delivery-startup-manna-plots-major-u-s-expansion/',1,16,'Autonomous drone delivery startup Manna plots major US expansion','Manna Aero, the Ireland-based autonomous drone delivery startup, has been a smaller player in the United States. Founder and CEO Bobby Healy told TechCrunch that’s about to change.','Manna Aero, the Ireland-based autonomous drone delivery startup, has been a smaller player in the United States. Founder and CEO Bobby Healy told TechCrunch that’s about to change.\n\nThe startup, fueled by the $50 million in venture capital it raised in April, said Wednesday that it’s setting up a U.S. operations and manufacturing center in Tulsa, Oklahoma, that will employ about 1,000 people over the next several years. Construction on the factory is underway and Healy expects manufacturing to begin there in about a year.\n\nAs construction continues, the company will focus on scaling its operations team to about 200 to 300 people over the next 12 months, according to Healy. The pace of hiring at the factory will depend on the rate of growth outside of Tulsa, he said, noting that the company is assessing six other U.S. cities. If all goes well, Manna will start entering those cities by the end of 2027.\n\nThe end goal is to turn Manna Aero into a major U.S. drone delivery operator that competes with Zipline, Amazon, and Google’s Wing, among others.\n\n“It’s just the size of the market here, consumer behavior, and the fact that the aggregators (DoorDash, Uber Eats) have consolidated the market so well, and they’re so well run,” Healy said, explaining the U.S. expansion. “The United States has the market that everybody wants.”\n\nManna operates automated, remotely monitored drones that don’t land. Instead, they lower the package on a tether, the same technique used by Wing and Zipline. Manna has a hybrid business model. It is fundamentally a delivery-as-a-service company that charges per flight. But it has different ways of achieving that, including through partnerships with DoorDash, Deliveroo, and Uber Eats in Europe as well as direct partnerships with businesses and its own consumer-facing app.\n\nManna is still headquartered in Ireland, where its R&D, administrative, and manufacturing operations are based. But it no longer operates drone delivery in the country; Manna pulled back its drone delivery operations last month citing a lack of planning regulations that would allow it to scale there.\n\nInstead, the startup is putting its capital and resources into the United States. The company hired former Ryanair CMO Kenny Jacobs as its executive chair and president to drive the expansion.\n\nHealy said the Trump administration’s and the FAA’s policies have given the industry a “turbo boost” in the country.\n\n“It’s trickling down into raw investment,” he said. “A company like us, we wouldn’t have had any plans to grow in the United States until the environment was ready from a regulatory standpoint to start growth, and so we’ve decided very clearly that now is the time for us to put every penny we have into the USA.”\n\nHealy pointed to the growth at Amazon, Wing, and Zipline over the past year as evidence of those policies.\n\n“We’re probably slightly behind the curve, but we’ll catch up quickly,” he said.\n\nManna isn’t entirely new to the United States. The startup began operating in 2023 in the AllianceTexas Mobility Innovation Zone, which is part of a planned community near Dallas, Texas, developed by the real estate development company Hillwood. Healy said Manna has expanded into the greater Dallas-Fort Worth area and plans to continue to scale there over the next year.','2026-07-08 13:06:54','2026-07-09 00:45:03',544,3,'6e069b880c0327595ad299c7848114e6ac07048c95fed5f0b0510d287a1683ba','2026-07-09 00:45:03','2026-07-09 00:45:03'),(41,'https://techcrunch.com/2026/07/08/spacexai-releases-grok-4-5-which-elon-describes-as-an-opus-class-model/',1,10,'SpaceXAI releases Grok 4.5, which Elon describes as an ‘Opus-class model’','SpaceXAI has released its latest model, Grok 4.5 — the first since the company went public several weeks ago.','SpaceXAI has released its latest model, Grok 4.5 — the first since the company went public several weeks ago.\n\nIn a blog post published Wednesday, SpaceXAI characterized its new release as a workhorse that can tackle all of the typical tasks that the AI industry has sought to automate: coding and app-building, office and clerical work, research, writing, and other forms of routine knowledge work.\n\nGrok can supposedly do all this for less spend, too, as SpaceXAI says that its model has “twice greater token efficiency” than other leading models. If it carries through to real-world use cases, that efficiency would be a big advantage for SpaceXAI, since the cost of tokens has been a growing concern for AI consumers.\n\nThe company released benchmark metrics Wednesday that appeared to show Grok’s competitiveness with other top models from SpaceXAI competitors, although just short of best-in-class:\n\nIn a post on his social media platform X (which is a subsidiary of SpaceXAI), founder Elon Musk compared the model to Opus, Anthropic’s LLM designed for intensive and complex tasks.\n\n“Based on strong positive feedback from customers in our beta test program, @SpaceXAI will make Grok 4.5 available to the public tomorrow. It is an Opus-class model, but faster, more token-efficient and lower cost,” wrote Musk in his post on X.\n\nMusk later added : “Our internal assessment is that Grok 4.5 is roughly comparable to Opus 4.7, but much faster. The combination of capability, faster speed and lower cost is what makes it competitive.”\n\nSpaceXAI says that its new model costs $2 per million input tokens and $6 per million output tokens. That’s quite competitive, if Grok’s capabilities match SpaceXAI’s rhetoric.\n\nOpus 4.7 , by comparison, costs $5 per million input tokens and $25 per million output tokens. OpenAI has tiered costs for different model versions: Sol, its most expensive, costs $5 for 1 million input tokens and $30 for 1 million output tokens, while its least expensive, Luna, costs $1 for 1 million input and $6 for 1 million output tokens.\n\nIt’s a big week for AI model releases. OpenAI is planning to release GPT 5.6, its latest, most powerful model, on Thursday. The release of that model had previously been limited by the Trump administration, due to concerns about its security implications. OpenAI has called it its “strongest model yet.”','2026-07-08 12:30:16','2026-07-09 00:45:03',388,2,'955146851a11e64f21034aca4349b71a68fe9e39e9d6049c648b524d0ac9ed58','2026-07-09 00:45:03','2026-07-09 00:45:03'),(42,'https://techcrunch.com/2026/07/08/slow-cial-app-roost-forces-you-to-slow-down-to-the-speed-of-a-carrier-pigeon/',1,20,'‘Slow-cial’ app Roost forces you to slow down to the speed of a carrier pigeon','Somewhere above the Great Plains, a virtual woodpecker is on its way to Alaska to deliver a message to my anonymous pen pal. At the same time, a zebra finch named Tucker soars into Manhattan to send a friend my shabby doodle of the Cool S.','Somewhere above the Great Plains, a virtual woodpecker is on its way to Alaska to deliver a message to my anonymous pen pal. At the same time, a zebra finch named Tucker soars into Manhattan to send a friend my shabby doodle of the Cool S .\n\nThese messages take hours or even days to send, depending on how far the bird has to fly, as that’s the point of Roost , the viral “slow-cial” app that’s making carrier pigeons cool again. Roost arrives at a time when people crave the opportunity to slow down and disconnect from the apps that constantly demand their attention and are embracing technology that adds friction .\n\n“Everything on a phone is instantaneous these days — every single thing you do, it’s like you’re always getting some notification or something,” Roost creator Logan Mendelsohn told TechCrunch. “[Roost] is kind of a break from the instant. It’s resonating with people in a way where they don’t feel pressure all the time to have to do something.”\n\nWhen you sign up for Roost, you choose four birds to add to your rookery, which allows you to send messages to your friends on the app.\n\nEach bird moves at the speed that it travels in real life, so a falcon will deliver a message much faster than a hummingbird. (Yes, not every bird is a carrier pigeon, but including other species makes collecting birds and seeing your friends’ birds more interesting.) If you really want to slow things down, you can send snails or turtles instead.\n\nA senior product manager in trust and safety at Ticketmaster, Mendelsohn started building Roost as a fun side project to use with his friends, but they loved the app so much that they encouraged him to publish it to the App Store.\n\nMendelsohn’s friends were onto something. The app developed a very small niche following, but it started to grow exponentially when a mother posted on Threads about how her daughter was communicating with her friends in Elizabethan English on an app that sends messages at the speed of actual birds.\n\nWithin three days after that post, the app grew from 10,000 to 100,000 users. Now, about five weeks later, Roost is about to hit 300,000 users.\n\n“The people are what really make this platform, and what people kept talking about is how wholesome it is, and how whimsical it is, and how much this really helps them put more intention into what they’re saying to people,” Mendelsohn said. “There’s a lot less pressure when you know that the message isn’t going to someone immediately that I think has really resonated with the user base.”\n\nAs a trust and safety professional by day, Mendelsohn knows that any social platform — even his innocent bird app — has the potential to be abused. So, by default, only a user’s city is shared with their friends. You can choose to manually enable a “close friends” feature to share your precise location with specific people, however.\n\n“I personally think that for any new platform that connects people, trust and safety should be the first thing they think about,” Mendelsohn said. “When you’re able to start at zero with that lens, then you can build it into the platform instead of doing it later.”\n\nPrivacy concerns were also front of mind when Mendelsohn created the “Pen Pals” feature, which allows you to exchange messages with anonymous users in your age group. When onboarding onto the feature, you are explicitly warned not to give out your actual contact information or personal details. The app deliberately does not support photo sharing yet, as Mendelsohn wants to build out more sophisticated content moderation tools first.\n\nGiven the sheer size and scope of Roost — did we mention there are mini games? — it doesn’t come as a surprise that Mendelsohn has used Claude Code throughout its development. But the kind of people flocking to Roost tend to be people who are fatigued by the state of the tech industry, which drove them to seek out a “slow-cial media” app in the first place.\n\nJoin the movement on Roost! Slow down and start messaging with roost #roost #penpal #snailmail #slowcial #birdsoftiktok\n\nSoon, Mendelsohn started receiving an onslaught of complaints from people who were disappointed to learn that he used AI-generated art for the images of birds.\n\n“On the AI art side, I completely understood the feedback. I won’t lie, it was daunting to see the reaction online, [but] I don’t think it’s productive to dig your heels in when your community is vocal about something they care for,” he said. “At the same time, I also knew I couldn’t flip a switch overnight. Replacing the art in an app this size takes time, planning, and money.”\n\nMendelsohn’s resources are limited as he continues to work on Roost in his spare time. He has no outside funding, and the app only generates revenue from in-app purchases like extra birds. To address users’ concerns about the use of AI, he’s now running a contest that will allow artists to contribute art instead. While that has satisfied complaints for now, the situation reflects a rising tension in the consumer app space. Many users now boycott AI art out of respect for artists, but the situation with Roost’s vibe-coded app shows the situation isn’t always cut-and-dried.\n\n“As a solo founder, I don’t think I could build and maintain something at this scale without AI-assisted development, but every product decision and direction for Roost still comes from me and the community,” he said.','2026-07-08 12:22:11','2026-07-09 00:45:03',929,5,'bc3911614e011467210fea7a71edf85910d09ec1a46ccb58ad1b923b02ddaa48','2026-07-09 00:45:03','2026-07-09 00:45:03'),(43,'https://techcrunch.com/2026/07/08/this-startup-thinks-robotics-is-about-to-have-its-chatgpt-moment/',1,5,'This startup thinks robotics is about to have its ChatGPT moment','Loading the player…','Loading the player…\n\nBefore OpenAI’s GPT-3 ushered in the era of foundation models, companies built specialized natural language processing models from scratch, training each on large amounts of task-specific data. Today, most organizations start with a general-purpose model like OpenAI’s GPT series, Claude, or Llama and then fine-tune or prompt it to solve their specific needs.\n\nPim de Witte, CEO of General Intuition , thinks embodied AI will follow a similar pattern. Rather than collecting huge real-world datasets to build specialized robot models, he argues the industry should focus on better quality datasets that can produce foundation models capable of transferring intuition about movement and interaction across many environments.\n\n“A lot of companies right now are doing lots of specialized work focused on individual embodiments, individual environments, and individual robots,” de Witte told TechCrunch on a recent episode of Equity .\n\nMuch of that work will become redundant soon, he argues, with the emergence of general models like the one General Intuition has been developing and deploying.\n\n“The generalization of the model itself is the product,” he said. “The fact that it has a base level of reasoning about space and time is going to be the reason why people stop collecting hundreds of thousands or millions of hours of real-world data. Because the reality is, you only need a few minutes.”\n\nGeneral Intuition built its own such foundation model after training on millions of hours of video game data, including information like what buttons on a controller a human pushed and when. Both de Witte and General Intuition’s lead investor, Vinod Khosla, argue the action data is the key to developing a human-like intuition for spatial-temporal reasoning.\n\nThe startup last month raised $320 million at a $2.3 billion valuation on the back of that thesis. The company has demonstrated that its current model is capable of both playing a video game for hours and powering a quadrupedal robot — the latter after fine-tuning it on just eight minutes of real-world robotics data.\n\n“The fact that [the robot] was actually able to zero-shot on just the front camera, with no other sensors, in the office with dynamic objects being introduced and people walking by was a very big surprise to us,” de Witte says. “I think it’s a sign of what’s to come.”\n\nThe end game for General Intuition isn’t to build robots itself, but to become the foundation model of physical AI, a base model for other robotics companies to build upon for their own machines. Or, as de Witte put it: “We’re not gonna build a self-driving car company. We’re gonna make it 10 times easier for the next person to build a self-driving car company.”','2026-07-08 12:19:15','2026-07-09 00:45:03',448,3,'882fddebba20013d3c660cea427e6a6562cb9e2439c892fa396512b30ec01758','2026-07-09 00:45:03','2026-07-09 00:45:03'),(44,'https://techcrunch.com/2026/07/08/elon-musk-says-x-will-send-dms-when-posts-youve-engaged-with-are-corrected/',1,15,'Elon Musk says X will send DMs when posts you’ve engaged with are corrected','X’s crowdsourced fact-checking system, Community Notes, will be updated to send users direct messages alerting them whenever a post they have interacted with has received a correction. The change, which is not yet live, was announced by X owner Elon Musk. He did not share a time frame for its launch.','X’s crowdsourced fact-checking system, Community Notes, will be updated to send users direct messages alerting them whenever a post they have interacted with has received a correction. The change, which is not yet live, was announced by X owner Elon Musk. He did not share a time frame for its launch.\n\nThe update attempts to address one of the bigger criticisms about Community Notes — that corrections arrive too late to matter. A misleading post can accumulate views and reposts while its accuracy is disputed, and by the time it’s corrected, the damage has been done. By proactively notifying users when a post receives a correction, X is trying to extend the reach of the note beyond the original post. This could also allow users who spread false information to issue their own mea culpa, if they had been duped.\n\nWe will be releasing a new @CommunityNotes feature that sends you an ? Chat message if a post you interacted with is corrected\n\nX’s Community Notes system was first established when the company was still known as Twitter, before Musk’s acquisition.\n\nThe idea was to introduce a different way to address misinformation on the platform, rather than require Twitter (now X) to be the centralized authority for moderation decisions. Instead, Community Notes contributors could suggest corrections and add critical details or missing information to posts. Consensus is achieved when people who rate the note as helpful are those who typically have different perspectives , and the note goes live.\n\nA similar system has since been adopted by Meta as part of its broader moderation overhaul last year, which saw the company eliminate its partnerships with fact-checkers .\n\nThough Community Notes makes sense for a company that wants to distance itself from the business of fact-checking, it’s also proven difficult to scale. A 2025 study of the feature by Spanish fact-checking site Maldita found that 85% of the proposed notes on X remain invisible to users, and only 8.3% get published and become visible. A separate study conducted by the Digital Democracy Institute of the Americas (DDIA), which encompassed 1.76 million notes published on X between January 2021 and March 2025, put the figure for unpublished notes even higher at 90%.\n\nThis weakens Community Notes as a system that surfaces information when it’s most needed, critics have pointed out. Plus, they’ve argued, people aren’t aware when a post they saw or boosted receives a correction later on, as there’s been no way to bring that information to their attention.\n\nMusk’s proposal to send users alerts via X Chat (DMs) would address the latter issue, at least, assuming it goes live. X was asked for comment, but a response was not immediately available.','2026-07-08 11:46:20','2026-07-09 00:45:03',451,3,'afe779fb4eb42b75548436ae70eda2bb9981c706a12fc30fd514f9a3769dede4','2026-07-09 00:45:03','2026-07-09 00:45:03'),(45,'https://techcrunch.com/2026/07/08/google-photos-adds-a-new-ai-video-remix-tool/',1,20,'Google Photos adds a new AI ‘Video Remix’ tool','Google Photos is getting a new “Video Remix” feature that can edit and transform videos in seconds, Google announced on Wednesday. The feature is powered by Gemini Omni, Google’s recently released model that promises to “create anything from any input.”','Google Photos is getting a new “Video Remix” feature that can edit and transform videos in seconds, Google announced on Wednesday. The feature is powered by Gemini Omni, Google’s recently released model that promises to “create anything from any input.”\n\nThe launch is Google’s latest push to bring more generative AI tools into its consumer apps as it continues to compete with companies like Apple, OpenAI, and Adobe. By baking AI-powered video editing into Google Photos, the tech giant is making it easier for users to edit clips with a few taps instead of relying on dedicated software, giving users another reason to stay within Google’s ecosystem.\n\nThe Video Remix tool can be accessed in the “Create” tab in Google Photos, allowing you to do things like apply cinematic relighting to brighten up a dark clip, swap out a plain background for something else, or add artistic styles to videos, such as watercolor, raw sketchbook, and oil painting effects.\n\nFor example, you could edit a video to make it appear that you shot it in a greenhouse, relight a video with a morning glow, or paint a video in a watercolor effect.\n\n“Creating beautiful video clips shouldn’t require professional skills or hours of editing,” Google wrote in the blog post. “Now, with Video Remix in Google Photos, you can transform ordinary videos into share-worthy moments in just a few taps.”\n\nVideo Remix starts rolling out today to eligible Google AI Plus, Pro, and Ultra subscribers in the U.S., Argentina, Bangladesh, Brazil, Colombia, Egypt, India, Indonesia, Japan, Mexico, Pakistan, Philippines, South Korea, and Turkey.\n\nThe feature is the latest in a series of AI-powered updates introduced to Google Photos. The app recently launched new touch-up tools to allow users to apply subtle edits and fixes, such as removing blemishes, refining skin texture, brightening eyes, and whitening teeth. Google also announced an AI-powered feature that turns photos of your clothes into a digital closet where you can create new outfit ideas and virtually try on outfits.','2026-07-08 11:30:08','2026-07-09 00:45:03',334,2,'ea5f279246dafd0bda9271d88980385b52ad04bea095b67faf9f76834dc58edd','2026-07-09 00:45:03','2026-07-09 00:45:03'),(46,'https://techcrunch.com/video/why-this-ceo-thinks-video-games-make-better-training-data-than-the-internet/',1,6,'Why this CEO thinks video games make better training data than the internet','Loading the player…','Loading the player…\n\nWhen it comes to achieving artificial general intelligence (AGI), large language models just don’t have what it takes. Models like ChatGPT and Claude are great at text, but they’re less skilled at understanding how things actually move through space and time — an essential skill for producing intelligence that generalizes. That gap, it turns out, might be filled by gaming data. That’s the bet behind General Intuition, a Bezos-backed, New York-based startup valued at $2.3 billion that just closed a $320 million round with Coatue, Eric Schmidt, and researchers at MIT and Google DeepMind joining its list of investors.\n\nOn this episode of TechCrunch’s Equity podcast, General Intuition CEO Pim de Witte joins Rebecca Bellan to dig into why world models trained on gaming data might be the next big leap in physical AI, how the company spun out of gaming platform Medal TV, and where the ethical red lines are when your models could end up being used for defense applications.\n\nSubscribe to Equity on YouTube , Apple Podcasts , Overcast , Spotify and all the casts. You also can follow Equity on X and Threads , at @EquityPod.','2026-07-08 10:47:55','2026-07-09 00:45:03',193,1,'f534563ba24b8a4c8463fab358562e2c4de19f5cbf0dac5b1adc19850d78dd7a','2026-07-09 00:45:03','2026-07-09 00:45:03'),(47,'https://techcrunch.com/2026/07/08/meta-wants-its-ai-glasses-to-seem-less-creepy-its-ai-strategy-says-otherwise/',1,10,'Meta wants its AI glasses to seem less creepy. Its AI strategy says otherwise.','Meta’s AI glasses have a growing reputation as a creepy technology. The company hopes to change that opinion by announcing an update that will disable the camera if the LED light that indicates the glasses are recording has been tampered with.','Meta’s AI glasses have a growing reputation as a creepy technology . The company hopes to change that opinion by announcing an update that will disable the camera if the LED light that indicates the glasses are recording has been tampered with.\n\nThe move is seemingly a concession to consumer sentiment that the glasses aren’t just fun, fashionable accessories, happily promoted by Kylie Jenner, but have serious implications for consumer privacy: They can be abused as surveillance devices.\n\nYet, even as Meta touts the new safeguard this week, the company is also pushing products and features that ask users to surrender more of their privacy to the company.\n\nWhether that’s training its AI on your images , enabling AI features using your personal content unless you opt out, or exploring ways to continuously record or use biometric facial recognition , Meta’s vision of the future seems to always depend on collecting more of your personal data.\n\nIn its blog post about the new camera safety feature, the company pats itself on the back, noting that “no other kind of camera has done this and we’re proud to lead the industry effort.” However, Meta also admits that the move was necessary because some people had been using tape to cover the LED light, which had already forced Meta to adapt its tech to disable recording when the LED is blocked.\n\nDetermined, those same AI glasses creeps would then use “sophisticated efforts to modify or destroy the capture LED,” Meta’s announcement explains.\n\nIn other words, Meta is confirming that some people who use AI glasses have hidden agendas — namely a desire to record situations or people ( often women ) without their consent.\n\nDespite this, the company is reportedly testing a prototype of AI glasses that would “continuously collect audio while taking photos every few seconds,” sources recently told Financial Times .\n\nMeta’s blog post about the glasses feature attempts to assuage people’s fears about the devices’ privacy by answering questions like “who can see the photos and videos I take on my glasses?” Meta answers by promising, “You, and only you — unless you choose to share them.” Yet, Meta’s privacy policy has explained that any image you share with Meta AI can be used to train its AI .\n\nAll the while, the company is facing multiple investigations and lawsuits over Meta AI glasses privacy violations. One lawsuit comes after Meta notably canceled a contract with an outsourced tech firm after some of its Kenyan workers alleged they had to view graphic content, like sex, nudity, and people using the toilet , while training Meta’s AI using people’s Meta AI glasses’ videos.\n\nThese are hardly Meta’s first scrapes with privacy violations or safety measures, either.\n\nArguably, Meta’s reputation on privacy has been tainted for years after numerous leaks and lost lawsuits about its alleged lack of child safety measures and desire for growth at all costs . There are books by whistleblowers documenting its alleged abuses , not to mention previous large-scale privacy disasters, like the Cambridge Analytica data scandal and others .\n\nAfter the 2018 Cambridge Analytica scandal, Meta now insists on its Privacy Progress Update page , “Since 2019, we’ve invested significantly in people, products, and technology to continue to evolve our rigorous privacy program.”\n\nStill, the company plows forward with what many people would consider privacy-violating ideas. Case in point: On the same day it announced the Meta glasses’ new safeguard, it shared that Meta AI can now use anyone’s public Instagram photos to make AI images, unless you opt out .\n\nIt also built features to use Meta AI on images in your Camera Roll you’ve never shared and implemented such poor privacy controls in its Meta AI app, leading users to essentially dox themselves by revealing their embarrassing searches .\n\nThis is the same company that Apple wouldn’t partner with due to privacy concerns , that records its employees’ keystrokes to train its AI , and that plans to sell targeted ads based on data in your AI chats.\n\nSo, while an LED safeguard on AI glasses might be a necessary feature, consumers clearly still have many reasons to remain distrustful of how social media will use their images and data, especially in its broader AI plans.','2026-07-08 10:11:18','2026-07-09 00:45:03',713,4,'5529247b514aaa97b47eb49409c6b0e772f453029aef9c6abbd0a6ecfa3bbe12','2026-07-09 00:45:03','2026-07-09 00:45:03'),(48,'https://techcrunch.com/2026/07/08/openai-releases-new-voice-models-for-more-natural-live-conversations/',1,10,'OpenAI releases new voice models for more natural live conversations','OpenAI today released new conversational models, called GPT-Live-1 and GPT-Live-1 mini, claiming that they sound more natural and can handle turn-taking better. These are full-duplex models, meaning they can speak and listen at the same time, allowing users to interrupt naturally and enabling features like live translation.','OpenAI today released new conversational models, called GPT-Live-1 and GPT-Live-1 mini, claiming that they sound more natural and can handle turn-taking better. These are full-duplex models, meaning they can speak and listen at the same time, allowing users to interrupt naturally and enabling features like live translation.\n\nThe company is also replacing its current Advanced Voice Mode in ChatGPT with GPT-Live-1 mini by default. Users of paid tiers will be able to access the larger GPT-Live-1 model. The previous model combined a speech-to-text model to transcribe speech, a large language model to generate responses, and a text-to-speech model to deliver the final answer.\n\nThe company said in a press briefing that the new models solve issues like interrupting users while they’re talking and not having enough intelligence to answer questions. OpenAI’s new models will send the query to its latest text models like GPT-5.5 for search, reasoning, or agentic capabilities while continuing the conversation.\n\nOpenAI also showed that the model can stay silent for a long time and absorb the context of the conversation until it’s called upon. Plus, as the new voice mode has access to newer GPT models, it can also present some information in a visual format. Other startups like Monogram, which raised $40 million in seed funding from DST and Lux Capital , are also leaning into visual responses to make assistants more interactive.\n\nThe company said the new voice mode in ChatGPT is designed to have longer conversations. During the briefing, ChatGPT Voice’s product lead, Atty Eleti, said he has had 30- to 40-minute-long conversations with the voice feature during walks.\n\nOpenAI thinks that voice could be the primary interface to computing for complex work. Reports have suggested that it could launch a pair of earbuds with AI capabilities this year . However, it didn’t provide any information on hardware products.\n\n“Over time, we think this will also unlock the ability to use voice as a kind of primary interface to computing, and to manage increasingly complex long-running agentic work. The kind of amazing use cases that we see people using Codex and ChatGPT to accomplish, we think voice can be the future interface to all kinds of work,” Eleti said.\n\nOpenAI has worked on bolstering voice-based features over the past few years to make ChatGPT’s voice mode sound more natural. The company said that more than 150 million people talk to ChatGPT using features like Voice and Dictation.\n\nRivals are also attempting to make assistants more expressive.\n\nBoth Apple and Amazon have updated their assistants to be more conversational with better context handling. Startups like Sesame , founded by Oculus co-founder Brendan Iribe and Ankit Kumar, also launched AI assistants with more natural conversation while completing tasks in the background.\n\nOpenAI is moving in the same direction, aiming to let users talk to its assistant hands-free for a longer time. Despite its claim that the new voice mode sounds more natural, the company emphasized that it’s not aiming to make this an AI companion. It noted that the new models have safeguards built in to give age-appropriate responses to teens and provide resources if the conversation turns to topics like self-harm.\n\nThe new voice mode still needs work. During the demo, when the company showed its live translation feature in Hindi, the assistant had a heavy American accent and spoke in Hindi that was unnatural sounding and had slightly bookish tone. The company said the new mode is optimized for “most spoken languages” but didn’t specify which ones.','2026-07-08 10:00:00','2026-07-09 00:45:03',584,3,'0f78aa530a933fc18028db265492ad7c8131c8e7a33f39d28eb29a4329126355','2026-07-09 00:45:03','2026-07-09 00:45:03'),(49,'https://techcrunch.com/2026/07/08/crypto-vc-firm-paradigm-raises-1-2b-to-invest-in-technical-frontier-startups/',1,12,'','Crypto VC firm Paradigm has raised $1.2 billion — its third venture fund and fourth overall — with the aim of investing in the “technical frontier,” the firm’s founder Matt Huang announced Wednesday.','Crypto VC firm Paradigm has raised $1.2 billion — its third venture fund and fourth overall — with the aim of investing in the “technical frontier,” the firm’s founder Matt Huang announced Wednesday.\n\nFor Paradigm, the technical frontier will stretch beyond its cryptocurrency investment roots. This fund is expected to expand its investment focus to include robotics and AI. That’s not a surprising move given how hot the AI market has become over the past few years, while crypto has faced challenges.\n\nParadigm isn’t abandoning crypto altogether, according to a blog post written by Huang and the firm’s managing partner, Alana Palmedo. The firm will “continue investing in crypto and the reinvention of markets and the financial system” and will “continue to research and build where it accelerates the industry, from blockchain tools (Foundry, Reth) to agent tools (Centaur) to security work (EVMbench, a collaboration with OpenAI),” the pair wrote.\n\nBut AI and robotics are also priorities. In an interview with Bloomberg , Palmedo said, “There’s so much else happening right now that’s pretty hard to ignore.”\n\nParadigm’s Fund III has already made some investments, including in drone delivery company Zipline and space startup True Anomaly.\n\nThe firm, which was founded in 2018 by Huang, a former partner at Sequoia, and Fred Ehrsam, who co-founded the cryptocurrency exchange Coinbase, filed to raise the fund earlier this year, according to SEC filings . The fund size is slightly less than the $1.5 billion the firm was seeking to raise, as reported by the Wall Street Journal in February.',NULL,'2026-07-09 00:45:03',257,2,'e54d1c17442ff6c3608f70a6a0eb7322e364b56840e2951478549b6cf61d74c9','2026-07-09 00:45:03','2026-07-09 00:45:03'),(50,'https://techcrunch.com/2026/07/08/prime-intellect-raises-130m-series-a-to-help-enterprises-build-their-own-ai-agents/',1,10,'Prime Intellect raises $130M Series A to help enterprises build their own AI agents','Prime Intellect, a startup that provides computing power and specialized software tools that help companies build AI agents, has raised a $130 million Series A at a $1 billion valuation.','Prime Intellect, a startup that provides computing power and specialized software tools that help companies build AI agents, has raised a $130 million Series A at a $1 billion valuation.\n\nThe massive round was led by Radical Ventures, with participation from Nvidia Ventures, Intel Capital, Dell Technologies Capital, Iconiq, and a long list of angel investors who are founders of notable companies, including Aravind Srinivas (Perplexity), Aaron Levie (Box), Winston Weinberg (Harvey), Jeff Wang (Cognition), and Brendan Foody (Mercor).\n\nFounded in 2024, Prime Intellect’s goal is to give organizations capabilities to train their own agentic systems without relying on frontier AI labs. While this mission would have been hard to achieve just a few years ago, the rise of reinforcement learning techniques, which iteratively reward successful task completion and penalizes errors, can allow companies to become their “own AI lab” by refining models for specific business tasks.\n\nAlthough it is now possible to bypass closed AI labs, the underlying infrastructure remains so complex that most companies lack the expertise to assemble these pieces into a production-ready system.\n\nThat’s where Prime Intellect comes in.\n\nThe startup has developed what it calls a “full stack” for AI agent development, which includes compute access, a reinforcement learning framework, and evaluation tools.\n\nPrime Intellect’s platform functions like a marketplace, providing modular access so customers can pick and choose the specific tools they need without being locked into an all-or-nothing system.\n\n“They’ve stitched this together and built it in such a way that they’re operating at the frontier in a way that’s affordable,” said David Katz, a partner at Radical Ventures. He added that while others offer bits and pieces, Prime Intellect is unique in providing the capabilities of a top-tier AI lab as a “one-stop shop” for development.\n\nThe startup’s approach has attracted customers like Ramp, Zapier, and Flapping Airplanes, who pay the startup for a hosted version of its tools. This rapid adoption has propelled the company to an annualized revenue run rate of $100 million.\n\nThis growth is driven by the tangible results. For example, Ramp used Prime Intellect to build an agent that helped the fintech find answers inside spreadsheets. “The result beat the frontier models on accuracy while running at faster speeds and a fraction of the cost,” Ramp’s co-founder and co-CEO Karim Atiyeh said in a statement.\n\nAnother key factor driving Prime Intellect’s growth is the recent realization by companies that building on top of frontier labs carries a number of risks.\n\nCompanies increasingly don’t want to provide their proprietary information to OpenAI and Anthropic due to the risk of losing control over their data. They are also wary of depending on models that can be suddenly turned off, as happened with Anthropic’s Fable last month.\n\n“How do I know that I’m not working with a company that is going to try to replace me and generalize to what I’m doing,” Katz said. “All of these things are causing people to think, ‘How do I own my own enterprise intelligence and not have these risks’.”\n\nPrime Intellect co-founder and CEO Vincent Weisser believes enterprises are looking to move away from closed source frontier models, and his company provides the infrastructure to make that transition possible.\n\n“It shouldn’t just be a few nerds in a glass tower in San Francisco that have the capability to train AI models,” he told TechCrunch. “It should be every enterprise, every nation state.”','2026-07-08 09:22:38','2026-07-09 00:45:03',569,3,'b2adfce679ebe767321f67caeec9260f85632d95f8dd8287924b618f9a1740de','2026-07-09 00:45:03','2026-07-09 00:45:03'),(51,'https://techcrunch.com/2026/07/08/another-massive-data-breach-exposed-millions-of-drivers-license-numbers/',1,14,'Another massive data breach exposed millions of driver’s license numbers','U.S. insurance provider AssuranceAmerica has confirmed a data breach affecting the personal information and driver’s license numbers of 6.9 million people, making it the largest known spill of Americans’ driver’s license information this year.','U.S. insurance provider AssuranceAmerica has confirmed a data breach affecting the personal information and driver’s license numbers of 6.9 million people, making it the largest known spill of Americans’ driver’s license information this year.\n\nFounded in 1998, AssuranceAmerica provides car and rental insurance to customers across more than a dozen U.S. states. As a large insurance provider, the company handles large amounts of information about prospective insurance customers and vehicle drivers, including their personal information and details about their state-issued driver’s licenses. In the hands of a malicious person, a driver’s license number can be used for fraud and impersonation.\n\nIn a data breach notice sent to customers and seen by TechCrunch , AssuranceAmerica said it discovered hackers in its computer systems on March 17. The company concluded its investigation on June 15, finding that the hackers had stolen customers’ names, contact information, and driver’s license numbers.\n\nThe breach notice said the hackers also took information about customers’ auto insurance policies and accounts, their drivers and vehicles, and details about customer claims.\n\nThe company did not provide specifics about which other types of personal information were taken.\n\nAssuranceAmerica did not specify the specific cause of the breach, but noted that the hackers “targeted one of the Company’s employees” and that the company subsequently “disabled compromised credentials.” It’s unclear how those credentials were stolen, but prior incidents involving stolen employee credentials have been linked to password-stealing malware or the use of compromised software .\n\nTechCrunch emailed questions about the incident to AssuranceAmerica CEO Joe Skruck and founder Guy Millner, including asking if the company had any contact with the hackers or paid a ransom. Neither responded.\n\nAccording to a data breach listing with the Indiana attorney general’s office, AssuranceAmerica listed the breach as affecting 6.99 million people, with notification letters set to be sent out on July 10.\n\nA separate copy of AssuranceAmerica’s data breach notification, shared by the Maine attorney general’s office at TechCrunch’s request, also lists the number of affected people at 6.99 million. (Maine’s data breach portal is currently offline and under review after a fraudulent breach disclosure was published on its website last month.)\n\nThe incident at AssuranceAmerica follows a spate of data breaches affecting driver’s licenses and other identity documents in recent months. In June, the Texas state government said hackers stole information about at least 3 million driver’s licenses and passport numbers during a data breach affecting the state’s parks and wildlife division.\n\nTechCrunch has previously reported on several security lapses that together spilled millions of government-issued identity documents, including incidents with a hotel check-in system , a money transfer app , a prison payphone provider and a U.K. visa service . These data spills come as websites and apps are increasingly demanding web users turn over their identity documents to prove they are legally old enough to access them, amid a global push by governments to roll out age-verification laws .','2026-07-08 09:14:49','2026-07-09 00:45:03',487,3,'088cfc5ac1b03069b49b2dc503f04ef4dc0da70fa8671f41a2c11e4dd6162049','2026-07-09 00:45:03','2026-07-09 00:45:03'),(52,'https://techcrunch.com/2026/07/08/these-ai-startups-are-growing-revenue-at-faster-and-faster-rates/',1,6,'These AI startups are growing revenue at faster and faster rates','As companies old and new rush to capitalize on AI, many AI startups say that their revenue is not just growing, but also rapidly accelerating, hitting their next milestones in shorter timeframes.','As companies old and new rush to capitalize on AI, many AI startups say that their revenue is not just growing, but also rapidly accelerating, hitting their next milestones in shorter timeframes.\n\nThe following list of startups have reported a pattern of such flywheel growth. One thing to note is that the underlying metrics used by these companies differ, even if they are using the term “ARR.” Some may be referring to annualized recurring revenue (ARR), or revenue under contract from a paying customer but not yet billed. Some are referring to annualized run-rate revenue, or projecting annual income by calculating 12 months of revenue that continues at the rate of the most recent month. Others are referring to “committed ARR,” or signed contracts from customers that are not onboarded yet. In the case of Gusto, it reported actual trailing 12-month revenue .\n\nNevertheless, each of these startups, listed in reverse chronological order to when their ARR growth was made public, reports that their revenue growth is accelerating, however they are defining it. To be sure, there are many more fast-growing AI startups than we’re naming here, but we are limiting this list to the companies hitting revenue milestones at ever-faster rates.\n\nMercor: On Monday, Brendan Foody, co-founder and CEO of Mercor, announced that the company has crossed $2 billion in gross annualized revenue as of June — just four months after reaching the $1 billion milestone. The less-than-three-year-old firm, which hires domain experts to train and refine AI models, said that it reached a $500 million run rate in September.\n\nAnthropic: In recent months, this model maker’s revenue has been at such a historic velocity that it has mesmerized the entire AI sector. In late May, Anthropic announced that it crossed $47 billion in revenue run rate, a milestone that came less than two months after the company reported that its revenue run rate surpassed $30 billion . The company said it reached a $9 billion revenue run rate in late 2025, up from a reported $4 billion in July 2025.\n\nSierra: After reaching its first $100 million in ARR in seven quarters, Sierra — which builds customer service AI agents for enterprises — says it took just two more quarters to add another $100 million, co-founder and CEO Bret Taylor announced in late May.\n\nGlean: In May, Glean announced that it crossed $300 million in ARR. While it took the seven-year-old enterprise AI startup nine months to double its ARR from $100 million to $200 million, the company says it needed just six months to grow that metric from $200 million to $300 million.\n\nGusto: The 14-year-old HR tech startup announced in May that its revenue accelerated in each of the last five quarters. The company, which was last valued at $9.3 billion in early 2022, also reported that it surpassed $1 billion in trailing 12-month revenue. Gusto’s revenue surge shows that it’s not only AI-native companies that are seeing their top-line growth supercharged by integrating the technology.\n\nClio: This 18-year-old provider of legal practice management software saw its revenue take off sharply after embedding AI into its offering in 2023 . The company surpassed $200 million in ARR in mid-2024, doubled that figure by late last year, and recently announced that its ARR reached $500 million .','2026-07-08 08:41:06','2026-07-09 00:45:03',550,3,'cdcb8903347b5ba032c0f6ad2394f302959c94f8bc2db973e84f5e841be7722b','2026-07-09 00:45:03','2026-07-09 00:45:03'),(53,'https://techcrunch.com/2026/07/08/solo-gp-ashley-smith-announces-25m-close-of-second-fund/',1,12,'','Vermilion Cliffs Ventures announced Wednesday the close of a $25 million Fund II. The firm was founded in 2023 by operator-turned-investor Ashley Smith, who runs it as one of the few solo women GPs in venture capital. Speaking to TechCrunch, Smith said this fund will continue the firm’s thesis of backing technical founders, specifically those building in AI infrastructure, security, and dev tools.','Vermilion Cliffs Ventures announced Wednesday the close of a $25 million Fund II. The firm was founded in 2023 by operator-turned-investor Ashley Smith, who runs it as one of the few solo women GPs in venture capital. Speaking to TechCrunch, Smith said this fund will continue the firm’s thesis of backing technical founders, specifically those building in AI infrastructure, security, and dev tools.\n\nIt took her around four months to raise the new fund this year, she said, with much of the capital coming from existing investors. The average check size for Fund II will be between $500,000 and $1 million, and it hopes to invest in at least 25 companies over the next two and a half years, having already backed six companies. The firm previously raised a $13 million debut fund that backed 35 companies, including the cybersecurity startup Keycard and the AI infrastructure company CopilotKit.\n\nSmith said that many early-stage firms are there to help founders raise the next round, and from her experience working in marketing at Twilio, Facebook, GitHub, and GitLab, she hopes to help founders with go-to-market strategies that help them earn it. “Selling to developers and security teams is its own discipline, and most founders learn it the expensive way with time,” she said. “I try to help them skip mistakes I’ve made or seen other founders make.”',NULL,'2026-07-09 00:45:03',225,2,'f323798754f854d1f5ee6edcf81d1e50dae3173597e2ec53abd151ab58e25e7d','2026-07-09 00:45:03','2026-07-09 00:45:03'),(54,'https://techcrunch.com/2026/07/08/apple-to-produce-made-in-america-wireless-chips-with-broadcom/',1,12,'','Apple has signed a $30 billion+ multiyear deal with Broadcom to design and produce more than 15 billion U.S.-made custom wireless connectivity chips for Apple products.','Apple has signed a $30 billion+ multiyear deal with Broadcom to design and produce more than 15 billion U.S.-made custom wireless connectivity chips for Apple products.\n\nAs part of the deal, Apple will put $1.5 billion in capital expenditure investment to help expand Broadcom’s manufacturing facility in Fort Collins, Colorado. The tie-up builds on Apple’s existing relationship with Broadcom, which is the iPhone-maker’s primary hardware supplier for wireless components.\n\nThe deal is part of Apple’s commitment to invest $600 billion in the U.S. economy over the next four years — a pledge made in response to mounting pressure from the Trump administration.\n\nLast year, Trump threatened to institute new tariffs on Apple products unless the company moved core iPhone manufacturing to the U.S. Trump later reversed the policy. iPhone assembly has remained overseas.\n\nApple promises the commitment with Broadcom will lead to “hundreds of American jobs,” a relatively small number compared to the $30 billion price tag.',NULL,'2026-07-09 00:45:03',157,1,'bbdbfe198931ad53c97adca4190a87220b3913463c09566408aa87d75b71c85c','2026-07-09 00:45:03','2026-07-09 00:45:03'),(55,'https://www.theverge.com/tech/963138/meta-smart-glasses-recording-super-sensing-ai',8,19,'Meta is reportedly working on smart glasses that would be recording all the time','Meta is working on a prototype of “super sensing” smart glasses that would record what the wearer is seeing and hearing at any given moment, according to the Financial Times.','Meta might be the next company to make an always-on AI wearable. The company is working on prototype “super sensing” always-aware smart glasses that could continuously record audio and snap photos “every few seconds,” according to the Financial Times. The wearer could then ask Meta AI about the captured audio and images. However, the images and audio might not be directly available to the user. Here’s how the FT describes one way the glasses could use the data: > In one proposed system, raw footage and audio would not be stored by Meta or made available to the user, several people said. Instead, the metadata from that audio and images would be extracted and uploaded to the server for Meta’s AI to query, which proponents argue would have fewer privacy implications. Should these glasses or the “super sensing” features be released, they would raise significant privacy concerns. Meta is already facing a lot of scrutiny over its reported work on facial recognition features, pushback following reports of users filming women while wearing the glasses, and grappling with modders who offer paid services to remove the LED recording indicators. The company announced Tuesday that it’s rolling out an update that will disable the camera if the glasses detect that the LED has been tampered with. But currently, Meta is planning for the LED recording indicator to remain off in “super sensing” mode, the FT reports. In a July 2025 whitepaper, the company said that it would reserve the LED indicator for “active capture” scenarios where the user is saving photos or videos, and leave it off during “AI Feature” use — such as scanning a menu — to avoid users becoming too used to the indicator. (If the indicator was on during the “super sensing” mode, it might also be harder to know when the glasses are actually recording video.) Meta is also discussing if it would use the captured data for training its AI models. It may also bring the “super sensing” features to glasses it has already released, the FT says. “While we don’t comment on internal prototypes, we’re committed to getting our glasses right because they need to be loved by both people wearing them and those around them,” Meta spokesperson Dave Arnold says in a statement to The Verge. Arnold also notes that “Our approach has been to develop new technologies that will help people throughout their day, with privacy built in from the ground up.” Meta hasn’t been shy about some type of always-aware glasses being a possibility. CEO Mark Zuckerberg, in the company’s Q1 2026 earnings call, said that he was “really excited to see the glasses evolve from being able to answer questions to being able to be a personal agent that’s with you all day long, helping you remember things and achieve your goals.” In a March blog post about new Ray-Ban Meta glasses, the company wrote that “with ongoing software updates, Meta AI on glasses will transition from something you have to prompt with a question each time, to a more continuous, in-the-moment assistant that can help throughout the day.”','2026-07-08 22:37:25','2026-07-09 00:45:06',518,3,'e88e84a0d1cdce3b48a70b19640abbf08cbfef871953a504296ec681e3ca270c','2026-07-09 00:45:06','2026-07-09 00:45:06'),(56,'https://www.theverge.com/gadgets/962999/samsung-unpacked-z-fold-flip-wide-reserve-credit-preorder',8,18,'Get a $30 credit when you reserve Samsung’s upcoming Galaxy phones','Samsung’s upcoming Unpacked event will unveil new foldable phones, and if you register your interest ahead of time, you’ll get a $30 store credit.','Even though they haven’t been officially announced yet, Samsung is giving you a chance to save some cash when you preorder what we’re expecting to be the brand’s updated Galaxy Z Fold phones. The next Galaxy Unpacked event will take place on July 22nd, 2026, and features the tagline “A new shape unfolds.” In addition to seeing updated versions of the existing Flip and Fold form factors, we anticipate the debut of a new, wider foldable phone. If you register your interest ahead of time and end up preordering one of the new phones shortly after they’re announced, Samsung will give you a $30 store credit at checkout. There are some caveats to this offer. You have to use the credit when you preorder the phone. No saving it for later. Also, the credit can’t be applied to the cost of the phone either, so you’ll have to put it towards the cost of accessories or extra services. Samsung specifically calls out that select Galaxy rings, earbuds, watches, and tablets are eligible, or you can use it to help pay for Samsung Care Plus. There are no downsides to registering your interest, so if you think you might be interested in buying one of the upcoming phones, it’s worth filling out the form. As long as you use the same email during checkout, the credit will be automatically applied.','2026-07-08 20:00:00','2026-07-09 00:45:06',229,2,'3afaa0864bd8c7a6c625f2fee9c5e563b000499e420ae9622daef850354817d4','2026-07-09 00:45:06','2026-07-09 00:45:06'),(57,'https://venturebeat.com/technology/spacexs-grok-4-5-launches-at-half-the-price-of-rivals-heres-why-that-could-rattle-anthropic-and-openai',4,21,'SpaceX\'s Grok 4.5 launches at half the price of rivals — here\'s why that could rattle Anthropic and OpenAI','SpaceX launches Grok 4.5, its first coding AI built after the $60 billion Cursor deal, challenging Anthropic and OpenAI in enterprise AI.','Elon Musk\'s SpaceX released Grok 4.5 on Wednesday, the first artificial intelligence model the company has trained specifically for coding and autonomous agents — and the first tangible product of its $60 billion acquisition of the AI coding startup Cursor, completed just weeks ago.\n\nThe launch marks a pivotal test of the sprawling, vertically integrated AI empire Musk has assembled over the past six months, and of a strategy that bets developers care less about topping benchmark leaderboards than about speed, cost, and whether a model can actually do the work.\n\n\"Announcing Grok 4.5, our first model trained specifically for coding and agents,\" the company said in a post on X. \"It was trained with Cursor and offers frontier intelligence at leading speeds and cost efficiency.\"\n\nSpaceX is not claiming Grok 4.5 is the smartest model in the world. Instead, it is making an economic argument. The company says the model uses half as many tokens per task as comparable models, delivers higher throughput, and costs less than half as much — priced at $2 per million input tokens and $6 per million output tokens. That undercuts the premium tiers of rivals like Anthropic\'s Claude Opus line and OpenAI\'s frontier models by a wide margin.\n\nMusk framed the positioning candidly. \"Our internal assessment is that Grok 4.5 is roughly comparable to Opus 4.7, but much faster,\" he wrote on X . \"The combination of capability, faster speed and lower cost is what makes it competitive. We are closing the loop on real-world usefulness, not benchmarks. Hardcore engineers at Tesla & SpaceX find Grok 4.5 genuinely useful, which is what actually matters.\"\n\nThat framing is both a philosophy and a hedge. Independent evaluations released Wednesday suggest Grok 4.5 is genuinely competitive but not dominant on raw capability. The benchmarking firm Artificial Analysis ranked the model fourth on its GDPval-AA v2 index of real-world agentic knowledge work, with an Elo score of 1543, \"behind only the latest Claude releases from Anthropic.\" But the cost figures are where the model stands out. Artificial Analysis measured Grok 4.5 at $0.49 per completed task — \"nearly 90% cheaper than the models ahead of it on our leaderboard,\" the firm wrote, placing it \"clearly on the Pareto frontier for performance versus cost.\"\n\nFor enterprise buyers, that math matters enormously. Agentic workloads — where a model works autonomously for minutes or hours, reading codebases, calling tools, and iterating on its own output — consume tokens voraciously. A model that is 90% cheaper per completed task , even if slightly less capable, changes the calculus for any engineering organization deploying agents across hundreds of developers. Investor Gavin Baker captured the market\'s cautious optimism: \"Pareto dominant for coding by the numbers. We will see on the all-important vibes.\"\n\nGrok 4.5 is the first concrete evidence of what SpaceX bought when it acquired Cursor, and the deal itself unfolded in stages. In April, SpaceX struck an unusual arrangement giving it the right to buy the coding startup for $60 billion — or pay billions in fees and compute if it walked away, as Business Insider reported at the time. Days after SpaceX\'s record-setting Nasdaq debut in June, the company exercised that right, announcing an all-stock acquisition that CNBC reported is roughly 3.4% dilution at the IPO valuation. SpaceX shares rose 16% on the news.\n\nThe strategic logic was always about data as much as product. Cursor\'s AI-first code editor generates an enormous stream of high-quality interaction data: how expert engineers write, edit, review, and debug code in real production environments. Musk said openly this spring that Cursor interaction data was being fed directly into Grok\'s training . Cursor, for its part, got access to SpaceX\'s Colossus supercomputer in Memphis — roughly 200,000 Nvidia GPUs with plans to scale toward one million — after publicly acknowledging it had been \" bottlenecked by compute .\"\n\n\"We\'ve partnered with SpaceXAI to train Grok 4.5,\" Cursor\'s official account posted Wednesday. \"It\'s our most powerful model yet and the first we\'ve built for more than software engineering.\" SpaceX says the model reflects that pedigree: it \"excels in large codebases and handles long-running tasks that span multiple repositories, hundreds of skills, and a variety of tools\" — precisely the messy, multi-file reality of professional software engineering that clean coding benchmarks often fail to capture. Early developer reactions suggest the training paid off. \"Ok Grok 4.5 is wild,\" posted developer Evan Bacon. \"It just built me this rocket tracking app with live data and a 3D globe. I might need a new benchmark after this.\"\n\nThe polished launch belies how chaotic the road here has been. Grok has spent much of the past year in crisis. In mid-2025, the chatbot generated antisemitic content and at one point called itself \" MechaHitler ,\" episodes covered extensively by NPR and CNN . Earlier this year, its image-generation features allowed users to create sexualized deepfakes, including of children — drawing investigations from the European Commission and Britain\'s Ofcom, as the BBC reported, and prompting SpaceX to list the behavior as a business risk in its own IPO filings.\n\nThe organization behind the model was fracturing, too. All 11 of Musk\'s xAI co-founders had departed by the end of March, according to TechCrunch , and Musk publicly conceded that xAI \"was not built right [the] first time around,\" saying he was rebuilding it \"from the foundations up.\" Musk himself admitted at a conference this spring that Grok was \"currently behind in coding\" — a rare public concession from an executive not known for them.\n\nAgainst that backdrop, Grok 4.5 reads as the first product of the rebuilt organization — and the first proof point for the audacious story SpaceX told public market investors. During its IPO roadshow, the company pitched a total addressable market of roughly $28 trillion , with about $26 trillion tied to AI, including a $22.7 trillion \"enterprise applications\" opportunity. Those numbers strained credulity even by Silicon Valley standards. A competitive, cheap coding model is the most direct route from that narrative to actual revenue, which is why Wednesday\'s launch carries weight far beyond a routine model release.\n\nThe competitive stakes are hard to overstate, because the AI coding market has been consolidating around a single leader — and it isn\'t Musk. Even as Cursor\'s revenue exploded, its market share was eroding. Spending data from Ramp cited by CNBC showed Cursor\'s share of the AI coding category falling from 41% in June 2025 to about 26% by May 2026, while Anthropic came to control roughly half the market. Anthropic also topped CNBC\'s Disruptor 50 list this year and, by Artificial Analysis\'s own measure, still holds the top spots on agentic performance rankings .\n\nThat is the gap Grok 4.5 is engineered to close — not by out-thinking Claude, but by underpricing it. The model\'s economics create a classic disruption dynamic: if it delivers most of the frontier\'s capability at a fraction of the cost per task, price-sensitive enterprise workloads will migrate, and incumbents will face pressure on their most profitable API traffic. The counterargument is that in coding, quality compounds. A model that resolves a complex bug correctly on the first attempt can be cheaper in practice than one that costs half as much per token but requires three tries. That is why Baker\'s caveat about \"vibes\" — the developer community\'s shorthand for a model\'s felt reliability on real work — will determine more than any launch-day benchmark.\n\nThere is also a structural question buried in the deal. Cursor built its business on offering developers their choice of models, including Claude and GPT. If Grok becomes the favored child inside Cursor — and Musk was already urging users to \"Try out Grok 4.5 in Cursor!\" within hours of launch — the product risks alienating the very users whose data made Grok 4.5 possible. Regulators, already scrutinizing Grok on safety grounds in two jurisdictions, may take a keen interest in a company that controls the training data, the model, and a dominant distribution channel simultaneously.\n\nGrok 4.5 also crystallizes what Musk\'s frenetic dealmaking was building toward. In February, SpaceX absorbed xAI in a share-exchange merger that CNBC confirmed valued the combined company at $1.25 trillion — the largest merger of all time, valuing SpaceX at $1 trillion and xAI at $250 billion. The June IPO followed, the biggest in history, and the stock has since surged past $200 from its $135 offering price, vaulting SpaceX past Amazon and Microsoft to become the fourth most valuable company in the United States.\n\nThe result is a single public company that owns nearly the entire stack: Colossus for training compute, ambitions for orbital data centers to power future scaling, a frontier model in Grok, a distribution channel in Cursor\'s developer base, and captive demand from Tesla and SpaceX\'s own engineering organizations. Neither OpenAI nor Anthropic can fully replicate that integration; both must reach developers through third-party tools, some of which Musk now owns. Whether that concentration proves to be an unassailable moat or a regulatory target — or both — is now one of the defining questions in enterprise AI.\n\nThe next few weeks will start to answer it. Artificial Analysis says its full Intelligence Index results are forthcoming. Enterprise pilots will reveal whether the token-efficiency claims survive contact with real codebases. And Anthropic, which has answered every serious challenge this cycle with a rapid counter-release, is unlikely to cede the price-performance frontier quietly.\n\nBut the deeper story of Grok 4.5 may be what it says about where the AI race has moved. For three years, the industry\'s scoreboard was intelligence: whose model was smartest. Musk, arriving late and battered, has chosen to compete on a different axis entirely — whose model is cheapest to actually use. It is a telling choice from a man who built his fortune not by inventing the rocket or the electric car, but by relentlessly driving down the cost of making them. If the strategy works, Musk will have done to AI what he did to spaceflight. If it doesn\'t, he\'ll have spent $60 billion to learn that in software, unlike rockets, the cheapest ride isn\'t always the one engineers choose.','2026-07-08 17:00:00','2026-07-09 00:56:33',1695,9,'e5f009c7331419b7367bbdf19a418ad571b479a1fce62716c162474a5debf9ff','2026-07-09 00:56:33','2026-07-09 00:56:33'),(58,'https://venturebeat.com/technology/openai-launches-gpt-live-a-full-duplex-voice-upgrade-that-lets-chatgpt-talk-more-like-a-person',4,21,'OpenAI launches GPT-Live, a full-duplex voice upgrade that lets ChatGPT talk more like a person','OpenAI has launched GPT-Live, new full-duplex voice models for ChatGPT that can listen and speak simultaneously, bringing more natural AI conversations to mobile and the web.','OpenAI on Wednesday launched GPT-Live , a pair of new voice models that fundamentally redesign how people talk to ChatGPT — replacing the company\'s existing Advanced Voice Mode with an architecture that can listen and speak simultaneously, much like an actual human conversation.\n\nThe two models, GPT-Live-1 and GPT-Live-1 mini , are rolling out globally starting today across iOS, Android, and ChatGPT.com. GPT-Live-1 becomes the default voice model for paid ChatGPT users on the Go, Plus, and Pro tiers, while GPT-Live-1 mini serves free-tier users. OpenAI also plans to bring the models to the API, and developers can sign up to be notified.\n\nThe release marks the third generation of ChatGPT\'s voice technology in roughly two years — and OpenAI\'s clearest bid yet to turn its chatbot into something that feels less like querying a search engine and more like talking to a colleague.\n\nThe defining technical advance in GPT-Live is what OpenAI calls a \" full-duplex architecture .\" In telecommunications, full-duplex means both parties on a phone call can talk and listen at the same time. Applied to AI, it means the model continuously processes your incoming audio even while it generates its own spoken response — no more waiting for a clean silence gap to figure out when you\'ve finished a thought.\n\n\"Instead of processing a sequence of separate messages, GPT-Live continuously processes input while generating output,\" OpenAI wrote in its research blog. \"The model can therefore make interaction decisions many times per second: whether to speak, continue listening, pause, interrupt, or invoke a tool.\"\n\nIn practice, that translates to a voice assistant that can insert conversational acknowledgments — \"mhmm,\" \"yeah,\" \"got it\" — while you\'re still talking, pick up on a natural pause without jumping in prematurely, and handle rapid interruptions without derailing the entire exchange.\n\nOpenAI\'s previous Advanced Voice Mode , launched to paid users in September 2024, processed and generated audio within a single model but still operated on rigid turn-by-turn exchanges. As OpenAI acknowledged in the announcement, \"because turn detection is based on silence, even a brief pause or background noise could be mistaken for the end of turn — causing the model to interrupt at unnatural times.\"\n\nThat brittleness created a product that, while impressive in demos, could be deeply frustrating in extended real-world use. Background chatter in a coffee shop could trigger a response. A thinking pause might get swallowed. The experience felt, as one researcher put it on X shortly after the announcement, like \" walkie-talkie turn taking .\" GPT-Live is designed to end that era.\n\nGPT-Live introduces a second structural change that may prove just as consequential for enterprise adoption: it decouples the voice interaction layer from the reasoning layer.\n\nWhen a user asks a straightforward question, GPT-Live handles it directly. But when the query demands web search, deeper reasoning, or more complex agentic work, GPT-Live delegates the task to a frontier model running in the background — at launch, GPT-5.5, the large language model OpenAI released in April — and continues talking with the user while the computation happens asynchronously.\n\n\"While it works, GPT-Live can keep talking with you and maintain the flow of conversation,\" OpenAI explains. \"As we release new frontier models, we\'ll continuously update the model used by GPT-Live.\"\n\nThis delegation model is a meaningful architectural bet. Rather than building a single monolithic voice model that tries to be both conversationally fluid and deeply intelligent, OpenAI has split the problem in two: a voice-native model optimized for real-time interaction, and a separate reasoning engine that can be swapped out as the state of the art improves.\n\nIt is, in effect, a modular design — one that allows OpenAI to upgrade the intelligence of its voice assistant without retraining the voice model itself. The implications for enterprise and developer workflows are significant. A voice agent built on this architecture could maintain a natural conversation with a customer while simultaneously querying databases, searching the web, or performing multi-step reasoning — tasks that would have introduced several seconds of dead air under the old pipeline.\n\nTo understand how far voice AI has come, it helps to trace the three generations that led to GPT-Live .\n\nThe original ChatGPT Voice , launched in 2023, used a cascaded pipeline — a speech-to-text model ( Whisper ) transcribed what you said, a large language model ( GPT-4 ) generated a text response, and a text-to-speech model converted that response back into audio. Each handoff introduced latency and lost information.\n\nAs OpenAI noted, \"the complexity came at a cost: information could be lost across models, and responses were slow and stilted.\" That cascaded approach was the industry standard, and its limitations were well-documented. As the blog OpenHelm noted in an October 2024 analysis of OpenAI\'s Realtime API, the old pipeline stacked up to roughly 1,700 milliseconds of latency — nearly two full seconds of dead air before the first word of a response. Managing the state between the three separate APIs consumed an enormous amount of engineering effort.\n\nOpenAI\'s Advanced Voice Mode, which began its limited rollout to paid ChatGPT Plus users in July 2024 before expanding more broadly in September 2024, collapsed that three-model pipeline into a single model that processed audio natively. As TechCrunch reported at the time, the rollout came with five new voices — Arbor, Maple, Sol, Spruce, and Vale — alongside improved accent handling and smoother conversations.\n\nThe feature also launched on the web in November 2024, extending it beyond mobile. But Advanced Voice Mode still operated through discrete, alternating turns — and it launched into the shadow of a PR debacle that OpenAI is still working to leave behind.\n\nAdvanced Voice Mode arrived in the wake of one of OpenAI\'s most damaging self-inflicted crises. During the GPT-4o launch in May 2024, the company showcased a voice called \"Sky\" that many listeners immediately noted sounded strikingly similar to Scarlett Johansson , who famously voiced an AI companion in the 2013 film Her .\n\nJohansson said she had declined OpenAI CEO Sam Altman\'s offer to voice the system, then was \"shocked, angered and in disbelief\" when the product launched with a voice her own friends couldn\'t distinguish from hers, as NBC News reported. Altman had tweeted just the word \"her\" the day the product launched.\n\nOpenAI pulled the voice and apologized, but the incident drew public scrutiny from SAG-AFTRA and members of Congress , and crystallized broader concerns about AI companies moving fast with creative IP.\n\nThe Hollywood labor union said the issue underscored \"why we\'re strongly championing federal legislation that would protect their voices and likenesses ... from unauthorized digital replication,\" as NBC News reported . Forbes contributor Paul Tassi wrote at the time that Altman, \"by holding up Her on a pedestal of something to strive for, has missed the point of that film\" — in which the protagonist\'s relationship with his AI companion ultimately does him more harm than good.\n\nGPT-Live appears designed, in part, to move past those controversies. OpenAI says it has \"remastered the nine distinct voices in ChatGPT for GPT-Live\" and notes the system \"is designed for conversation, not voice impersonation,\" with \"safeguards to prevent it from imitating a real person\'s voice.\"\n\nOpenAI disclosed that more than 150 million people talk to ChatGPT using voice and dictation features each week — a notable slice of the platform\'s 900 million total weekly active users. The voice experience has grown into a substantial product in its own right, used for language practice, bedtime stories, commute-time chat, and hands-free everyday help.\n\nThe new product features reflect that usage. GPT-Live introduces rich visual cards that surface during voice conversations — weather forecasts, stock data, sports scores, and maps — giving users something to glance at without breaking the flow of speech.\n\nUsers can now choose between three reasoning levels for answers: Instant for quick responses, Medium for moderate thinking, and High for more complex work. And if you take a moment to think, \"ChatGPT Voice now waits instead of jumping in and interrupting,\" OpenAI wrote. \"If you ask it to stay quiet and listen, it will. And when there\'s background noise, like passing traffic or nearby conversations, ChatGPT is better at focusing on your voice instead of getting distracted.\"\n\nEarly reactions from users with preview access were cautiously positive. \"I had early access to sol. it is a phenomenal model,\" wrote one user on X , adding it is “much better at frontend, long context knowledge work, and its vibes are much better.” Another observer cut to the heart of the matter: \"The smarts are not new here, GPT-Live hands hard questions to GPT-5.5. What is new is the feel: full-duplex voice that listens while it talks.\"\n\nThe GPT-Live system card , published alongside the announcement, reveals a safety strategy built around the particular risks of real-time voice interaction — a domain where the speed and intimacy of conversation create hazards that text-based chat does not.\n\nOpenAI expanded its safety evaluations to include audio-native tests, using both real user voice samples (from those who opted in) and synthetically generated prompts targeting edge cases across categories like self-harm, sexual content, illicit behavior, emotional reliance, mental health, and hate speech.\n\nOn the synthetic evaluations — which OpenAI described as deliberately adversarial — GPT-Live-1 showed substantial improvements over Advanced Voice Mode. In illicit behavior, for instance, the safety score rose from 0.63 to 0.97. On self-harm, it climbed from 0.72 to 0.98. Hate speech achieved a perfect 1.00, up from 0.87.\n\nOn the production-prompt evaluations — which used real user audio and reflected more ambiguous, borderline scenarios — the picture was more mixed. GPT-Live-1 matched or improved on Advanced Voice Mode in most categories but showed a slight regression on emotional reliance (from 0.88 to 0.82), though OpenAI noted the change was not statistically significant.\n\nThe company built real-time safeguards that can intervene while the model is speaking — steering toward safer responses, surfacing crisis resources, or ending the voice conversation entirely in higher-risk situations. It also designed additional protections for teen users and adapted self-harm support flows for voice, including crisis helpline integration.\n\nPerhaps most notably, OpenAI said it is \"rolling out longer-term measurement and post-launch monitoring focused on emotional reliance\" — an acknowledgment that the very naturalness GPT-Live strives for creates its own category of risk.\n\nWhile OpenAI was refining its safety guardrails, its rivals were shipping full-duplex systems of their own. Google\'s Gemini Live , which supports full-duplex conversation alongside camera and screen sharing — capabilities GPT-Live notably lacks at launch — is already available in the Gemini app. Google released Gemini 3.1 Flash Live in March as its highest-quality real-time audio model, targeting low-latency voice interactions for developers.\n\nByteDance launched Seeduplex in April, claiming to be the first production-scale full-duplex speech AI deployed at scale, inside its Doubao app. Seeduplex reported roughly a 50 percent reduction in false-response and false-interruption rates compared to ByteDance\'s previous half-duplex system. And Nvidia\'s PersonaPlex , released in January, brought customizable voice and role control to full-duplex models, breaking what had been a constraint where natural-sounding models were locked into a single fixed voice.\n\nThe competitive picture is clear: full-duplex voice interaction is quickly becoming table stakes for consumer AI products, not a differentiator. OpenAI\'s advantage lies in the scale of its existing user base, its integration with GPT-5.5\'s reasoning capabilities, and the breadth of the ChatGPT ecosystem.\n\nBut the window in which any one company has a monopoly on natural-sounding voice AI has already closed. OpenAI also acknowledged several gaps. GPT-Live does not support voice with video or screen sharing at launch. Language support is limited, with the company noting that \"for certain languages, the model may have a non-native accent or gaps in fluency.\" And API access is not available on day one, meaning enterprise developers cannot yet build on GPT-Live directly — a constraint that will slow the model\'s penetration into commercial voice-agent workflows where competitors like Google, ElevenLabs, and Deepgram already have developer-facing products.\n\nGPT-Live is essentially OpenAI\'s most significant bet yet on voice as the primary interface for AI — not just a convenience feature bolted onto a text chatbot, but a purpose-built interaction layer that sits between the user and the company\'s most powerful models.\n\n\"Over time, we believe this research will also unlock the ability to use voice for increasingly complex, longer-running, and more agentic work,\" OpenAI wrote. That ambition — using natural voice as the front end for autonomous AI agents that can perform multi-step tasks — is the logical endpoint of the full-duplex plus delegation architecture.\n\nImagine telling your phone to book a flight, negotiate with your insurance company, or debug a production server, all through a conversation that feels as natural as talking to an assistant who also happens to have the intelligence of a frontier AI model.\n\nTwo years ago, talking to ChatGPT meant dictating into a microphone and waiting nearly two seconds for a stilted reply. One year ago, it meant a smoother exchange that still felt like a polite, slightly awkward phone call with someone who insisted on waiting for you to finish every sentence. Today, it means something closer to a real conversation — imperfect, still constrained in some languages and missing video, but unmistakably closer. OpenAI once got into trouble for wanting to recreate the movie Her . With GPT-Live, the company may finally be reckoning with the harder question the film actually posed: not whether AI can sound human enough to talk to, but what happens to us when it does.','2026-07-08 18:49:06','2026-07-09 00:56:33',2255,12,'85d0879204b5ccbf129e9e3992ccfc7e09ef75c281f86d085205630c1c16e24b','2026-07-09 00:56:33','2026-07-09 00:56:33'),(59,'https://venturebeat.com/orchestration/slacks-slackbot-can-now-pull-your-crm-data-generate-charts-and-send-docusigns-all-from-a-chat-message',4,22,'Slack’s Slackbot can now pull your CRM data, generate charts, and send DocuSigns — all from a chat message.','Salesforce has connected Slackbot to CRM, Tableau, Data 360 and AI agents through MCP, turning Slack into a conversational interface for enterprise software and intensifying its competition with Microsoft Teams and Google Workspace.','Five years and $27.7 billion after Salesforce acquired Slack, the two products are finally starting to function as a single system. On Wednesday, Slack launched an integration that connects Slackbot — the personal AI agent built into every workspace — to the entire Salesforce platform, including CRM data, Tableau analytics, Data 360 customer profiles, and a growing constellation of third-party applications, all through a single conversational prompt.\n\nThe mechanism behind the expansion is a set of dedicated Model Context Protocol (MCP) servers from Salesforce that connect Slackbot to the company\'s Headless 360 infrastructure . In practical terms, a salesperson can now ask Slackbot for a customer\'s deal history, receive a live Tableau visualization of pipeline trends, update a CRM record, and trigger a DocuSign approval — without ever switching tabs or logging into another application. According to Slack, the Salesforce IT team has already used this architecture to save its 1,500-plus engineers \"thousands of custom coding hours annually.\"\n\nThe timing is not accidental. Slack is making this move amid escalating competitive pressure from Microsoft Teams, which claims 320 million-plus monthly active users and has Copilot embedded across the Office suite, and from Google, which continues to weave Gemini deeper into Workspace . And just days ago, The Information reported that some smaller companies are using Anthropic\'s Claude to r eplace Salesforce CRM entirely — one Atlanta-based property management firm with about 55 employees reportedly saved around $100,000 annually by building a custom replacement using Claude Code and Replit.\n\nAgainst that backdrop, Slack CMO Ryan Gavin sat down for an exclusive interview with VentureBeat to frame the announcement and argue that the company\'s future depends on an idea he calls \"multiplayer AI\" — and that the 25 years of customer data locked inside Salesforce is an asset no vibe-coded alternative can replicate.\n\nGavin\'s core argument is that the enterprise AI conversation has been stuck in single-player mode for too long, and that Slack is uniquely positioned to break it open.\n\n\"So much of what we\'ve seen are just these incredible tools that have largely been single-player, incredible tools for individual productivity, helping people complete tasks and write code,\" Gavin told VentureBeat. \"But as we\'ve always known at Slack ever since our inception, work is a team sport. For AI to really take hold in the enterprise, it has to be multiplayer.\"\n\nThe distinction matters commercially. Most AI assistants today — ChatGPT, Claude, Copilot — default to one-on-one conversations with a single user. A researcher queries a model, gets a response, and acts on it alone. The insight stays in a private chat window, invisible to colleagues. Gavin argues this creates a new version of the tab-switching problem that plagued pre-AI enterprise software, except now employees are also navigating dozens of individual agent interfaces on top of their existing applications.\n\n\"It\'s going to benefit almost no one if every enterprise application out there spawns hundreds of agent babies, and employees end up in a worse world than they were before,\" Gavin said.\n\nSlack\'s answer is to make Slackbot the orchestration layer. Because everything happens in shared channels, any action an agent takes — pulling a customer profile, flagging a deal risk, updating a Jira ticket — is visible to the entire team. A colleague can redirect, build on, or correct the agent\'s work in real time.\n\nThe technical backbone of the announcement is the Model Context Protocol , an open standard originally developed by Anthropic that defines how AI models discover and invoke external tools. MCP has seen rapid adoption across the AI tooling ecosystem. By early 2026, it had been adopted by Claude Code , Cursor , GitHub Copilot , and OpenAI\'s tooling, with managed hosting available from AWS , Cloudflare , and Vercel . As a DEV Community explainer puts it, MCP \"is the closest thing the AI tooling ecosystem has to a standard.\"\n\nIn this implementation, Salesforce exposes its platform capabilities — CRM records, Tableau visualizations, Data 360 customer profiles, Agentforce agents — as MCP servers. Slackbot operates as an MCP client, connecting to those servers and routing user queries to the appropriate back-end system. When a user asks Slackbot about a customer, the bot discovers which MCP tools are relevant, calls them, and synthesizes the results into a single response — all within the Slack conversation.\n\nGavin explained the architecture in simple terms: \"Salesforce is extending what has always been our open platform through our Headless 360 strategy — making all of these MCP endpoints available. And then Slackbot acts as an MCP client, connecting to those MCP servers and bringing all that data in within the confines of a trusted permission platform.\"\n\nThat permission layer is critical. Slackbot respects each user\'s Salesforce permissions, meaning a marketing coordinator cannot accidentally access sales pipeline data they are not authorized to see. Validation rules, field-level security, and org-wide data boundary configurations carry over automatically. For admins, setup requires no custom integration code — Salesforce MCP servers can be discovered, installed, and governed from a single UI using the existing Slack-Salesforce connection.\n\nSalesforce first introduced the Headless 360 concept at its TDX developer conference in April, positioning it as an API-driven layer that exposes the platform\'s data, workflows, and governance controls so that software agents, rather than human users, can execute business processes directly. As CIO.com reported at the time, analysts viewed the move as an effort by Salesforce \"to position itself as a central layer for managing agent-driven operations across different business functions.\"\n\nWhen asked whether Slack is making a risky bet on MCP as a protocol — given that standards in AI tooling can shift rapidly — Gavin reframed the question entirely.\n\n\"We\'re not betting on MCP, per se. We\'re betting on what we\'ve always bet on, which is that Slack is an open platform,\" Gavin told VentureBeat. \"MCP happens to be the best agent-to-agent protocol that the industry is rallying around right now, but if something better came out tomorrow, you\'d see the same pattern from Slack — we\'re going to stay open. MCP and APIs are simply tools that facilitate that.\"\n\nThat open-platform philosophy is central to Slack\'s identity and, Gavin argues, its competitive differentiation. Slack already hosts more than 2,600 app integrations . The new MCP-native partner ecosystem includes Atlassian , Box , DocuSign , Canva , Lucid , Zoom , and more than 25 additional companies, each of whose agents can be added directly to shared Slack channels. MuleSoft Agent , now connected to Slackbot, helps manage integrations for the team — checking system health or surfacing critical error alerts in the same workspace where the team is already collaborating.\n\nBut MCP is not without trade-offs. The protocol requires tool discovery on every connection, and large tool libraries can consume significant context tokens. One technical analysis noted that a server exposing 300 tools could cost 5,000 to 10,000 tokens per session before the model does any useful work. For an enterprise like Salesforce with hundreds of potential tools across CRM, analytics, and service platforms, careful filtering and segmentation of MCP servers become essential design decisions — a challenge the company will need to navigate as the ecosystem scales.\n\nPerhaps the most delicate topic in the interview concerned Slack\'s relationship with Anthropic, the AI lab behind Claude — and one of Slack\'s most visible power users. Just last week, Anthropic launched Claude Tag , a persistent AI teammate that works inside Slack channels, prompting confusion among Salesforce employees who worried it competes directly with Slackbot and Agentforce. The Information reported internal anxiety about whether Salesforce was welcoming a competitor into its own living room. Salesforce has financial reasons to maintain the partnership: the company reportedly expects to spend $300 million on Anthropic tokens this year and holds a stake in Anthropic.\n\nGavin addressed the tension head-on, framing it as a feature of Slack\'s platform strategy rather than a threat.\n\n\"We\'re incredibly excited and bullish about what Anthropic is bringing into Slack. Period. End of statement,\" Gavin said. He noted that Anthropic \"is building roughly 65% of their code with Claude in Slack,\" and pointed out that ChatGPT was originally built in Slack, as was Perplexity.\n\n\"Building nowadays happens in the open, and every company is going to be building in the open with tools like this, and you need a platform to build in the open,\" Gavin said.\n\nHis argument is that feature overlap between Slackbot , Claude Tag , and other third-party agents is \"actually a feature, not a bug\" — a sign of a healthy platform rather than a competitive vulnerability. He compared it to an ecosystem where multiple products serve similar needs but win on craftsmanship, ease of use, and integration depth.\n\n\"One of the reasons Slackbot has been the fastest-adopted feature in Salesforce history is the simplicity, the approachability — underpinned by the trust that comes from having an agent that knows me, knows my tone, knows my work, knows my people, knows my data,\" Gavin said.\n\nThe distinction Slack draws is structural: Slackbot has access to a user\'s full workspace context, Salesforce data, permissions, and connected applications by default. Claude Tag, by contrast, only sees the channels it is explicitly added to. For Slack\'s leadership, that asymmetry is the moat.\n\nAsked directly about competitive positioning against Microsoft Teams and Google Workspace , Gavin pointed to Slack\'s open channel architecture as the differentiator no competitor can replicate.\n\n\"If you spend any time in Teams, it\'s a lovely tool for chat, direct messages, and video, but it has no platform for open communication across organizations,\" Gavin said. \"Its SharePoint-based architecture is fundamentally limiting.\"\n\nHe cited Shopify as an example, where an internal AI agent called River is deployed across approximately 4,400 channels serving 6,000 employees. He also referenced a Fortune report noting that Microsoft\'s own head of AI mandated that his team run on Slack rather than Teams — a pointed detail Gavin clearly relished. \"There\'s a reason for that,\" he said. \"We\'re in an era right now where openness matters, and all the other tools you mentioned, they\'re still relatively closed.\"\n\nThe competitive pressure is real and intensifying. Microsoft has integrated Copilot across its entire productivity suite, giving it a distribution advantage that reaches virtually every Fortune 500 company. Google has been similarly aggressive with Gemini across Workspace. And new entrants are crowding the market: a startup called Viktor , which embeds AI agents inside Slack and Teams workspaces, recently raised a $75 million Series A led by Accel — with Slack cofounders Stewart Butterfield and Cal Henderson participating as angel investors.\n\nBox , one of the enterprise customers highlighted in the announcement, told Slack it aims to have its sellers complete 75 to 80 percent of their work inside Slack. Gavin repeated that figure as evidence that the platform is becoming the default workspace for entire organizations, not just engineering teams — a shift he believes accelerates as AI makes every employee a builder.\n\nGavin saved what he considers the most underappreciated element of the announcement for last: the democratization of Salesforce\'s CRM.\n\nFor 25 years, Salesforce\'s CRM has been used primarily by sales, service, and marketing professionals — a relatively modest percentage of a company\'s total workforce. The promise of Slackbot as a conversational interface is that any employee, regardless of their role or technical fluency, can now query and act on CRM data simply by asking a question in natural language.\n\n\"What most people don\'t realize is that this democratization of CRM is going to take its usage from a modest percentage of employees to the entire enterprise,\" Gavin said. \"When you can make systems like Data 360 or Agentforce for Sales accessible to the entire employee base — not just a percentage — think about how much more valuable those investments become.\"\n\nHe cited Engine , a company that handles 800,000 customer inquiries a year, as an example. Previously, answering a customer inquiry required a specific employee with access to a specific tool to look up a customer\'s history. Now, anyone in the company can ask Slackbot and see a complete customer profile, review case history, and write updates — all without being retrained or learning a new interface. Engine\'s CEO Elia Wallen, in a statement sent to VentureBeat, described the integration as enabling employees to \"make data-driven decisions and take action without leaving the conversation.\"\n\nThe financial logic is straightforward: if Salesforce can make its platform useful to 100 percent of a customer\'s workforce rather than the 20 or 30 percent who currently hold licenses, the value of the existing Salesforce investment multiplies without requiring a proportional increase in spending. That pitch becomes especially potent at a time when CIOs are scrutinizing every line of their AI budgets.\n\nThe announcement is a significant architectural evolution for Slack, but several questions remain unanswered.\n\nFirst, pricing. The company did not directly address whether Slackbot\'s MCP-powered Salesforce integration will require additional SKUs or license tiers. As Info-Tech Research Group analyst Scott Bickley cautioned when Headless 360 was first announced in April, \"Salesforce\'s MO seems to be to announce new capabilities that require SKUs. CIOs should be asking about pricing now.\"\n\nSecond, performance. Routing user queries through MCP servers to Salesforce back-end systems introduces latency that could affect the conversational feel Slack prides itself on. Neither the press release nor the interview disclosed SLAs for MCP tool calls — a gap that enterprise buyers will want addressed.\n\nThird, the competitive dynamics of the platform play. Slack\'s open-platform philosophy invites powerful partners like Anthropic and OpenAI into its ecosystem, but those same partners are building their own surfaces for enterprise work. Anthropic reportedly plans to expand Claude Tag to Microsoft Teams, email, and other project management tools — meaning the partner Salesforce is paying hundreds of millions a year is building the infrastructure to be useful without Slack at all.\n\nAnd fourth, the broader existential question facing all enterprise software: whether AI agents will ultimately reduce the need for CRM systems entirely. Gavin\'s pitch — that Slack makes CRM more valuable by making it more accessible — is the inverse of the bear case. The market will ultimately decide which thesis prevails.\n\nSalesforce reported record first-quarter revenue of $11.1 billion in fiscal Q1 2027 , with Agentforce ARR surpassing $1 billion for the first time and combined AI and data ARR reaching $3.4 billion. Those numbers suggest the AI strategy is beginning to generate real revenue, even as the company navigates a market that remains uncertain about the long-term trajectory of legacy enterprise software.\n\n\"Slack has quickly moved from this beloved collaboration tool from the last ten years to now this multiplayer AI platform that we call a work operating system,\" Gavin said.\n\nFive years ago, Salesforce paid $27.7 billion for what was, at its core, a very good group chat application. On Wednesday, it started trying to prove that group chat was never the product — it was the foundation. In the age of AI agents, the most valuable real estate in enterprise software may not be the database where the data lives. It may be the conversation where the decisions get made.','2026-07-08 07:00:00','2026-07-09 00:56:33',2522,13,'22641e7c36b66b26e677d9a6d3fcfe9c43d982ed88b5e985b2b6acde872914d5','2026-07-09 00:56:33','2026-07-09 00:56:33'),(60,'https://venturebeat.com/security/ai-has-collapsed-the-cyber-response-window-resilience-now-starts-before-the-attack',4,14,'AI has collapsed the cyber response window — resilience now starts before the attack','The security posture that enterprises need for the AI era centers on cyber resilience: continuously identifying clean recovery states, mapping critical data and identity dependencies, and automating restoration so that operations can recover in hours not days.','Presented by Rubrik\n\nEnterprise cybersecurity is facing a fundamental speed problem. Frontier AI models are now enabling autonomous attacks that can move from initial access to full system breakout in as little as 27 seconds . That’s faster than any human-operated security workflow can detect, escalate, and respond.\n\nAs a result, security operations can no longer assume there is time for humans to respond between breach and damage.\n\nThe security posture that enterprises need for the AI era centers on cyber resilience: continuously identifying clean recovery states, mapping critical data and identity dependencies, and automating restoration so that operations can recover in hours not days.\n\n\"Everything that relied on process or human-in-the-loop intervention is no longer going to be able to execute at the speed of the attacks,\" says Dev Rishi, GM of AI at Rubrik. \"If the attacks are happening in 27 seconds, it means I need my recovery to happen just as quickly.\"\n\nThe rules-based logic that has defined enterprise security for decades, such as static access controls, known signature detection and deterministic behavioral policies, was engineered for deterministic software. AI agents behave differently. They\'re non-deterministic, capable of pursuing the same objective through many different paths, and increasingly capable of circumventing static guardrails by finding alternative routes when one is blocked.\n\nThe deeper problem is that conventional security logic checks identity, permissions, and access, and asks whether each individual access is permitted. But it can’t evaluate whether a sequence of permitted actions, taken across multiple applications, constitutes either a data leak, a destructive operation, or an attack.\n\n\"You need a system that can understand context,\" Rishi says. \"You need to use AI to look at what an agent is doing and say, ‘it looks like what you\'re doing might be a risk of leaking sensitive data externally.’\"\n\nEnterprise security has historically maintained a meaningful distinction between external and internal threat vectors. External threats can be multidimensional, lightning fast, and come from a variety of vectors. On the other hand, internal threats were traditionally bounded by what a single human actor could accomplish before detection, constrained in speed, scope, and scale, but that distinction is falling apart as AI agents operate inside enterprise environments.\n\nThese agents have access to multiple systems simultaneously and move at speeds no human employee can match. When an agent makes a mistake, such as a hallucination, misread instruction, or an unintended data transfer, the resulting damage can look operationally identical to a malicious insider attack. And when an external attacker compromises an internal agent, they inherit its full access profile across every connected application.\n\n\"Whether or not the agent is an internal threat because of an inadvertent mistake or because it\'s been maliciously compromised, you need runtime guardrails that enforce your organizations policies consistently across agents,\" Rishi says. \"The practical answer is an AI-native guardian layer that monitors agent behavior semantically, understands intent across actions, and can block or terminate a misbehaving agent at machine speed, then trigger recovery immediately.\"\n\nFrontier AI models, including those capable of discovering and operationalizing zero-day vulnerabilities autonomously, are changing the economics of attacks.\n\nAs a result, interest in Mythos readiness is growing. Enterprises are increasingly operating under two assumptions: that attacks are inevitable, not exceptional, and that investment in resilience and rapid recovery must be treated as strategically as investment in prevention has been. The shift reframes recovery from a post-incident activity into a capability that is deliberately designed, tested, and continuously validated.\n\n\"The idea that you can recover quickly from an attack is going to become one of the most important facets of security,\" Rishi says. \"It\'s the insurance policy that organizations now have to treat as a first-class citizen.\"\n\nTrue cyber resilience is a two-sided coin: it demands both real-time intelligent enforcement to intercept threats in motion, and automated recovery to restore operations immediately. While having backups is a baseline, organizations need workflows that can continuously monitor systems at machine speed, and instantly determine the most recent clean state under attack conditions.\n\nApplying AI to the first half of that equation—real-time enforcement—creates a fundamental technical and economic challenge. Relying on massive frontier models to monitor every agent action introduces crippling latency overhead and exorbitant computing costs. A guardian AI system that slows down operations or costs as much as the systems it monitors is simply not viable for widespread adoption.\n\n“It has to be a fast, small, and cheap AI model,” Rishi says. “No one wants to sign up for a secure solution that doubles their cost or latency.”\n\nThis is why small language models (SLMs) are critical for real-time enforcement. Rubrik’s approach, anchored by its acquisition of Predibase, is to build this frontline defense layer on small models optimized specifically for speed and efficiency. Unlike heavy frontier models, SLMs can semantically evaluate agent behavior at machine speed and at a fraction of the cost, acting as a real-time checkpoint.\n\nThat hyper-efficient enforcement layer is what enables a tighter, seamless connection to recovery. When the system observes an agent taking a destructive action—such as deleting a database, corrupting a critical file, or exfiltrating sensitive data—the small model detects it immediately, halts the damage, identifies the most recent clean snapshot from before the incident, and initiates recovery in a single, automated workflow.\n\nThe broader implication of Mythos and similar frontier AI systems is a shift in how organizations think about security. As AI compresses the gap between attack and impact, resilience and recovery become architectural requirements rather than operational considerations.\n\nRubrik’s view is that security systems can no longer stop at detection. As AI agents gain greater autonomy, observability, identity context, and recovery must operate as a coordinated resilience layer. The goal is not simply to identify when something has gone wrong, but to shorten the gap between detection and restoration.\n\n\"The same thing that\'s introducing the threats, the frontier capabilities of models like Mythos, can also be used to help us combat the threat,\" Rishi says. \"Positioning yourself for the AI era means closing the gap between detecting that something has gone wrong and restoring the systems that were affected, before the cost of that gap compounds.\"\n\nSponsored articles are content produced by a company that is either paying for the post or has a business relationship with VentureBeat, and they’re always clearly marked. For more information, contact sales@venturebeat.com .','2026-07-08 00:00:00','2026-07-09 00:56:33',1054,6,'3f11ce681a6a4a781a486adffc677ecf0081222d3e8713c690ab0a87eb0ac69a','2026-07-09 00:56:33','2026-07-09 00:56:33'),(61,'https://venturebeat.com/security/the-real-cost-security-and-culture-problems-behind-enterprise-ai-agents',4,14,'The real cost, security, and culture problems behind enterprise AI agents','Red Hat\'s Brian Gracely dove into cost discipline, the security blind spots unique to autonomous systems, and the organizational friction that determines whether agent adoption spreads beyond early champions.','Presented by Red Hat\n\nAt VentureBeat\'s recent AI Impact event, where the discussion centered on what separates enterprises that scale agentic AI from those that stall in pilot mode, Brian Gracely, senior director of portfolio strategy at Red Hat, detailed what companies actually run into once agents reach production.\n\nHe dove into cost discipline, the security blind spots unique to autonomous systems, and the organizational friction that determines whether agent adoption spreads beyond early champions.\n\nMany enterprise leaders, especially those following industry keynotes and AI announcements, worry that they’re already falling dangerously behind competitors deploying agents at scale. But according to Gracely, much of that anxiety reflects a misconception about how quickly organizations learn once they begin building. Teams often move up the learning curve far faster than they expect.\n\nThat rapid progress creates a different challenge, however. As agent usage expands, AI costs rise just as quickly, turning cost management from an engineering concern into a recurring boardroom discussion.\n\nAgentic AI usage is orders of magnitude higher than during the chatbot era, making AI costs a growing concern for enterprises. At the same time, organizations are becoming increasingly aware of their dependence on a small number of model providers. According to Gracely, that combination is driving many enterprises to explore alternatives that give them greater control over costs and infrastructure.\n\n\"The two or three top providers are already telling the market that they\'re losing money, and they\'re trying to go public to make up those gaps,\" he explained. \"At some point, the dependency on that means you\'re either going to buy at a very high-cost level, or you\'re going to figure out alternatives to control what you\'re doing.\"\n\nThe biggest cost issue is that enterprises overspend by defaulting to the most capable model available regardless of task complexity.\n\n\"If I\'m simply trying to resolve an insurance claim, I don\'t need to know about the history of Western civilization in my model, I don\'t need to know World Cup soccer scores,\" Gracely said.\n\nSemantic routing is the mechanism many companies use to make that judgment automatically, classifying requests and sending each to a model sized for the task without requiring users to choose, while infrastructure techniques like caching repetitive queries cut how often a request needs to reach GPU compute at all. Together, he said, these tools remove the assumption that efficiency and innovation pull in opposite directions.\n\n\"There\'s a lot you can do at a GPU infrastructure level, and quite a bit you can do in terms of flexibility of models,\" he explained. \"Those give excellent choices in terms of the levers you\'re trying to pull, whether you need efficiency or you need innovation. That shouldn\'t be a binary choice.\"\n\nThe financial discipline needed for token spend is similar to the FinOps practices that took years to mature in order to take control of cloud compute spending. Those underlying frameworks will transfer even as the vocabulary changes, Gracely said, especially as organizations push for internal education on model selection so teams stop defaulting to the most prominent option for tasks that don\'t need it.\n\n\"The same way we first had to teach the financial people what an EC2 instance is and what an S3 bucket is, you\'re going to have to start explaining tokens to them,\" he said. \"We don\'t always need a Rolls-Royce. We don\'t always need caviar, because we\'re trying to do basic types of things.\"\n\nAI-powered vulnerability discovery is forcing enterprises to rethink how quickly they can identify, validate and deploy patches. Long-established patch management cycles may no longer be fast enough in an environment where AI can uncover — and attackers can exploit — new vulnerabilities much more quickly.\n\n\"Most companies are probably going to have a window of somewhere between seven and 14 days to stay ahead,\" he said. \"There are groups, Red Hat included, that are going to build patches for these, but the embargo window is going to be short.\"\n\nAI is also changing what defenders need to look for. Rather than simply uncovering isolated critical flaws, AI security tools can identify combinations of seemingly minor vulnerabilities that become dangerous only when chained together. As both software complexity and vulnerability discovery accelerate, Gracely argued that the ability to rapidly manage and update software is becoming a strategic capability rather than simply an operational one.\n\nIn the end, organizational adoption comes down to the need for deep, sustained involvement from the subject matter experts whose knowledge the agent is meant to encode, which makes earning their buy-in a prerequisite rather than an afterthought.\n\n\"You have to think about the incentives, what you do for people who participate in this work so they don\'t feel threatened that it\'s going to take away their job, and how you incentivize people in the long run to cooperate with that innovation,\" he said.\n\nSponsored articles are content produced by a company that is either paying for the post or has a business relationship with VentureBeat, and they’re always clearly marked. For more information, contact sales@venturebeat.com .','2026-07-07 20:24:31','2026-07-09 00:56:33',839,5,'a6ac041abc9d148ce14244e9f2002c29de960d527eaed265e0dced951e28b660','2026-07-09 00:56:33','2026-07-09 00:56:33'),(62,'https://venturebeat.com/orchestration/box-survey-why-enterprise-ai-leaders-are-outperforming-their-peers',4,22,'Box survey: Why enterprise AI leaders are outperforming their peers','Content access, governance, and platform flexibility are emerging as the dividing lines between AI leaders and laggards, according to the new State of AI in the enterprise report from Box, which surveyed 1,640 IT decision makers across the US, UK, France, and Japan.','Presented by Box\n\nContent access, governance, and platform flexibility are emerging as the dividing lines between AI leaders and laggards, according to the new State of AI in the enterprise report from Box, which surveyed 1,640 IT decision makers across the US, UK, France, and Japan. One of the report\'s major findings is the speed of the shift: the combined share of organizations describing themselves as advanced or leading edge soared from 8% to 64% just over the past year, while the share calling themselves early stage or not yet started collapsed from 53% to just 9%. Eighty percent of organizations reported a notable return on their AI investment, defined in the survey as an improvement of at least 10%, and more than half saw measurable business impact within six months of getting a project approved.\n\nThe swing is largely due to how enterprises are now organizing their AI use rather than to any single technical breakthrough, says Olivia Nottebohm, COO of Box.\n\n\"We\'ve moved from standalone experimentation that lived at the individual level into systematized, integrated agentic operations, agents that are in production and can be used in a repeatable manner,\" Nottebohm says. \"That\'s where the impact is coming from.\"\n\nThe divide between tiers is a matter of execution. Significantly, half of leading-edge companies reported AI-driven ROI above 25%, compared with just 11% of early-stage companies, with the advanced (33%) and developing (16%) tiers falling steadily in between. But Nottebohm says the real differentiator was not whether companies adopted AI, but how rigorously they integrated and managed it.\n\n\"What separates the leading edge is the operating muscle they\'ve built: the right teams to deploy agents, formal governance to control them, and consistency in the content layer those agents work from,\" she explains. \"Earlier stage companies are approaching it in a much more ad hoc, experimental way, letting people play around with it without the same intent or structured design.\"\n\nContent, rather than model quality, is the defining bottleneck of 2026. Ninety-six percent of organizations say agents need access to company-specific content, yet only 36% have connected agents to trusted content across many use cases. It\'s an issue of trust rather than raw capability.\n\n\"We started this journey assuming enterprise AI was about access to the latest model,\" Nottebohm says. \"But the question now is whether agents have access to the right content, and whether that content is protected, because those agents are only as good as the content they can reference, and only as safe as the security around it.\"\n\nGetting that content layer right has a second benefit beyond safety, since it’s also what finally lets agents work across departments that previously operated in isolation from one another. And while roughly a quarter of organizations point to data fragmented across systems, 24% cite difficulty integrating AI into existing systems, 21% say they lack adequate permissions and access controls, and 18% describe their content as too unorganized to make accessible at all. Among the most mature organizations, 63% now treat unstructured documents, contracts, and reports as a competitive advantage rather than dead weight sitting in a digital filing cabinet.\n\nNearly half of all organizations say they have already experienced an AI-related data exposure incident. That figure rises to 60% among leading-edge companies, which may face greater exposure from more agents and connected systems — but may also be better equipped to detect it.\n\nThe share of organizations reporting established or advanced governance frameworks rose from 24% in 2025 to 73% this year, but real gaps remain in instrumentation: only 39% have comprehensive visibility across sanctioned and unsanctioned AI use, 34% have formal standards for how agents access company data, and 27% still describe their governance as ad hoc. But those incidents function as a forcing mechanism rather than a setback, Nottebohm says.\n\n\"Governance used to be seen as something that slowed people down, but 93% of respondents told us better governance is actually what let them move faster,\" she explains. \"It makes scaling AI survivable. Once content is secured and highly permissioned, you can run multiple agents across multiple processes and get a real multiplier effect.\"\n\nOne practical consequence of that shift is that permission structures built for human employees are now being revisited with agents in mind, a process most enterprises are only partway through.\n\n\"The permissions enterprises set up two years ago need to be reviewed,\" she explains. \"Until fairly recently, people weren\'t setting permissions on a document with how an agent might use it in mind, but now they\'re much more deliberate about that. It leaves them with a whole corpus of unstructured data to go back through and either clean up or repermission.\"\n\nThat\'s part of a broader move away from governance designed for people and toward governance designed for agents from the start.\n\n\"Enterprises need to make the transition from governance that\'s retrofitted from human workflows to governance that\'s built specifically for agents,\" Nottebohm says. \"That means tracking what an agent has touched, whose permissions were applied, and which sources were used, and all of that is now shaping how governance gets applied.\"\n\n\"The days of token-maxing are already gone,\" Nottebohm says. \"It\'s now about the responsibility of delivering efficient AI. Organizations want to use the cheapest model that meets the quality bar they need, not necessarily the most expensive one, because different model families keep leapfrogging each other and companies want to preserve that choice.\"\n\nThat means enterprises are avoiding lock-in more than ever. Sixty-eight percent say they\'re concerned about depending on a single AI provider, the average number of officially adopted AI tools has climbed to 3.3, and 79% now consider it important or critical that agents operate headlessly, connecting directly to systems and APIs without a human interface in between.\n\nIt\'s a trend similar to the shift toward multi-cloud infrastructure, and driven by a similar reluctance to hand any one vendor outsized negotiating power.\n\n\"A flexible architecture is built on platform interoperability,\" Nottebohm says. \"It runs on multiple models, operates headlessly, and keeps every part of the AI stack swappable, so organizations don\'t have to bet on which individual tool wins, and that\'s part of the broader shift away from defaulting to the biggest, most expensive model available.\"\n\nOver the next three years, businesses should prioritize organizing, classifying, and cleaning up unstructured content, actively hiring and building teams around emerging roles, and adopting a hybrid token compute budget model, where IT owns the core infrastructure and token budget while business units own the application-level spend. And right now, it\'s easy to get up to speed fast.\n\n\"You don\'t have to start at early maturity and slowly work your way up,\" Nottebohm says. \"If you build in the governance, the content layer, and the multi-model system from the start, you can enter as a leading company and capture that same outsized impact.\"\n\nSponsored articles are content produced by a company that is either paying for the post or has a business relationship with VentureBeat, and they’re always clearly marked. For more information, contact sales@venturebeat.com .','2026-07-07 16:25:52','2026-07-09 00:56:33',1173,6,'25c7117c31402fcc0f48469413b990b5822b6ef758f53e74de85bd1f18fe2f7a','2026-07-09 00:56:33','2026-07-09 00:56:33'),(63,'https://venturebeat.com/technology/anthropic-brings-claude-cowork-to-mobile-and-web-as-usage-data-shows-most-users-arent-coding',4,21,'Anthropic brings Claude Cowork to mobile and web as usage data shows most users aren’t coding','Anthropic has launched Claude Cowork on mobile and web, expanding its AI agent beyond the desktop as new usage data shows the biggest enterprise opportunity may be routine knowledge work like reports, spreadsheets, slide decks, and business operations.','Anthropic on Tuesday launched Claude Cowork on mobile and web , expanding a tool that has quietly become the company\'s bridge between the developer-centric world of AI coding agents and the far larger market of knowledge workers who never open a terminal.\n\nThe rollout, which begins in beta with Max subscribers before expanding to additional plans, marks a strategic inflection for Anthropic. It transforms Cowork from a desktop-only agent into a cross-device platform where tasks can start on a laptop, continue autonomously in the background, and be reviewed from a phone — even after the user closes the app entirely.\n\n\"Your work goes everywhere with you, and keeps going without you,\" Anthropic writes in its announcement.\n\nThe timing is deliberate. Alongside the mobile launch, Anthropic published usage data from 1.2 million anonymized Claude Cowork sessions sampled between May 11 and May 31, drawn from more than 600,000 organizations. The data paints a striking picture: the overwhelming majority of what people do with Cowork has nothing to do with writing software.\n\nVB Transform · July 14–15 · Menlo Park · LLMs, ops & evals\n\nStandard benchmarks fail. Amazon and Waymo explain what they test instead.\n\nThe evals track goes deep on the four dimensions of reliability — consistency, robustness, predictability, safety — and how teams at Amazon and Waymo are operationalizing them in production.\n\nThe numbers tell a story that cuts against the dominant narrative in enterprise AI, which has fixated on coding assistants and developer productivity as the primary use case for large language models.\n\nBusiness process and operations — tasks like pulling scattered updates into a single report, building onboarding checklists, and reconciling spreadsheets — accounted for 33.4% of all sampled Cowork sessions, making it the single largest category by a wide margin. Content creation and copywriting — producing drafts, slide decks, posts, and proposals — came in second at 16.4%.\n\nTogether, those two categories make up roughly half of all Claude Cowork usage . Software development, by contrast, accounted for just 8.7%. DevOps and infrastructure followed at 7%, with research and intelligence at 6.4%, data analysis and business intelligence at 5.8%, document processing and extraction at 4.1%, and sales and revenue operations at 4%.\n\nThe remaining 12 categories each represented less than 4% of usage, including personal assistance at 3.8%, education at 2.4%, and meeting intelligence at 1.8%.\n\nAnthropic describes these dominant use cases as \" the work around the work \" — tasks that span nearly every role in an organization but rarely appear in anyone\'s core job description. \"People are using it for a variety of tasks that aren\'t necessarily the hallmark of a specific role, but instead represent the connective work around a role that moves projects forward and keeps businesses running,\" the company writes. \"That means tasks like drafting a status update, building a slide deck, or condensing reams of research into a single report.\"\n\nThat phrase — \"the work around the work\" — is Anthropic\'s attempt to define and claim an entirely new category of AI productivity. It\'s a calculated reframing: rather than positioning AI as a tool that replaces what professionals do, Anthropic is arguing that the most valuable current application is handling everything professionals do around their actual expertise.\n\nThe expansion to mobile and web introduces three concrete capabilities that reflect how Anthropic envisions Cowork fitting into daily workflows.\n\nFirst, sessions now sync across devices. A user can start a task at their desk, check on its progress from a phone, and retrieve the finished output from any device. Second — and arguably more significant — Cowork can now run tasks in the background with no device online at all. Users can schedule work for a specific time, and Claude will execute it autonomously. Anthropic offers the example of setting Monday morning client prep for 6 a.m.: \"Claude works through the email threads, transcripts, and recent news, builds the briefing doc, and leaves the follow-up email drafted but unsent. Review it over coffee.\"\n\nThird, when Claude encounters a decision that requires human judgment, it surfaces the question to the user\'s phone. \"Nothing ships until you\'ve reviewed and approved it,\" Anthropic states.\n\nDesktop remains the most fully featured surface, with access to local files and the browser. But the web version also opens Cowork to users who cannot install a desktop application — a meaningful expansion in enterprise environments where IT departments control software installation.\n\nThe company also unified its interface: on web and desktop, chat and Cowork now share a single home screen, and projects and artifacts persist across both modes.\n\nTo encourage adoption, Anthropic is extending doubled Cowork usage limits through August 5.\n\nThe usage data and the mobile launch together reveal a company executing a two-track strategy. Claude Code , its terminal-based coding agent, dominates among software developers. But Cowork is designed to capture the vastly larger population of professionals whose work involves creating, organizing, and communicating information rather than writing code.\n\nThe contrast between the two products is instructive. As Anthropic notes, Claude Code \"is most often used by software developers for the key parts of their role: building, debugging, and shipping code.\" When developers do use Cowork , they tend to use it not for programming but for the communications-focused work that surrounds every role — status updates, documentation, and coordination.\n\nThis pattern — where AI handles the connective tissue of work rather than its core substance — aligns with what Anthropic describes as people using \"Claude Cowork to assemble and structure the information they can use to act on their expertise.\" The company illustrates this with three examples: a lawyer using Cowork for document formatting and filing while reserving legal judgment for themselves, a hiring manager synthesizing interview feedback while spending more time on candidate conversations, and a team lead producing a slide deck that explains a decision while focusing on actually making that decision.\n\nThe implications for Anthropic\'s business model are significant. Developer-focused tools, while high-profile, serve a relatively narrow market. The Ramp AI Index published in May showed Anthropic pulling ahead of OpenAI in business adoption for the first time — with 34.4% of firms paying for Anthropic\'s services compared to OpenAI\'s 32.3% — and suggests the company\'s enterprise push is gaining traction. Claude Code was identified as the primary driver of that shift. But Cowork targets an addressable market that is orders of magnitude larger: every knowledge worker with a laptop, a pile of spreadsheets, and a slide deck due by Friday.\n\nThe mobile launch arrives during one of Anthropic\'s busiest — and most turbulent — stretches in its history.\n\nJust last week, Anthropic launched Claude Sonnet 5 , a new model that narrows the performance gap with its more expensive Opus-class models while maintaining lower pricing. The model is available at introductory pricing of $2 per million input tokens through August 31 before rising to $3 per million input tokens. Sonnet 5 serves as the engine underneath Cowork, and its improved agentic capabilities — better reasoning, tool use, and sustained task completion — directly enhance Cowork\'s ability to handle complex, multi-step workflows.\n\nTwo weeks before that, Anthropic released Claude Tag , a Slack-native AI agent designed for team collaboration. Where Cowork focuses on individual task delegation, Claude Tag operates as a multiplayer tool — a single Claude identity that everyone in a Slack channel can interact with, building context from conversations over time.\n\nAccording to Anthropic\'s announcement, 65% of the company\'s own product team\'s code is created by its internal version of Claude Tag. Fortune reported that Anthropic\'s head of product for Claude Code and Cowork, Cat Wu, described the distinction: \"Claude Code, Cowork, and chat are very single-player, whereas Claude Tag is built to be interactive and multiplayer.\"\n\nTogether, Cowork and Claude Tag represent a pincer strategy: Cowork captures individual productivity workflows across devices, while Claude Tag embeds AI into team communication channels. Both are designed to push Anthropic deeper into enterprise operations, beyond the developer seat.\n\nThe expansion also arrives against a backdrop of unresolved security concerns. On July 1, security firm Armadin — led by Mandiant founder Kevin Mandia — published research detailing what it described as a full sandbox escape in Claude Cowork on Windows, as reported by SiliconANGLE . The attack chain involved DLL sideloading against the Claude desktop executable to gain trusted access to Cowork\'s virtual machine service, then exploiting undocumented parameters to achieve root access and bypass network restrictions.\n\nAnthropic responded that the vulnerability did not qualify as a security issue because exploiting it requires an attacker to already have local code execution on the host machine. Armadin, however, raised a broader concern: that deploying local virtual machines on nontechnical users\' systems creates visibility gaps that endpoint security products struggle to monitor.\n\nThis tension takes on new dimensions as Cowork moves to mobile and web. The web and mobile versions run tasks server-side rather than in a local virtual machine, which eliminates the specific attack surface Armadin identified but introduces different questions about data handling, especially for scheduled background tasks that process email threads, calendar data, and documents without real-time user oversight.\n\nAnthropic\'s announcement states that \" the decisions still come to you \" and that nothing ships without review and approval. But as Cowork takes on increasingly complex autonomous workflows — processing contract folders, building client briefings from multiple data sources, drafting emails — the surface area for prompt injection and data exposure grows correspondingly.\n\nWhen Cowork first launched in January, TechCrunch reported that Anthropic explicitly warned about prompt injection risks, noting in its blog post: \"These risks aren\'t new with Cowork, but it might be the first time you\'re using a more advanced tool that moves beyond a simple conversation.\"\n\nAnthropic\'s enterprise push is also colliding with geopolitical reality. CNBC reported Monday that Alibaba will ban employees from using Anthropic\'s AI tools starting July 10, placing Claude Code on a high-risk software list. The move followed Anthropic\'s June letter to the U.S. Senate accusing Alibaba of carrying out what it called \" the largest known distillation attack \" against its models.\n\nThe Alibaba ban, combined with reports that Anthropic is closing loopholes that allowed Chinese companies to access Claude through third-country entities, underscores the increasingly fraught environment for AI companies attempting to serve global enterprise customers while navigating U.S. export and security restrictions.\n\nAt the same time, Anthropic is investing massively in infrastructure. Reuters reported Monday that Anthropic signed a $19 billion, 20-year lease with TeraWulf for a data center being built in Hawesville, Kentucky, with 401 megawatts of computing power expected to become fully operational in 2028.\n\nThat kind of capital commitment only makes sense if the company expects enterprise demand — not just from developers, but from the millions of knowledge workers that Cowork targets — to grow dramatically.\n\nAnthropic is transparent about the limitations of its usage analysis. The taxonomy classifies sessions by the type of work being performed, not by the job title of the person doing it.\n\nThere are no standalone categories for marketing, finance, or HR — functions that are likely absorbed into the dominant \"business process and operations\" bucket, which may partly explain why that category commands a third of all usage.\n\nThe sample is also rate-capped rather than proportional to traffic, meaning the numbers are shares of sampled sessions, not absolute volumes. Usage during peak hours is somewhat underrepresented. And roughly 5% of sampled sessions involved personal, non-work use — hobbies, personal assistance, and companionship-style conversations — meaning the data doesn\'t purely reflect workplace activity.\n\nThe company also acknowledged that its labeling pipeline changed around May 11, which is why the analysis window begins on that date rather than covering a longer period.\n\nAnthropic\'s mobile launch and usage data arrive at a moment when the enterprise AI market is shifting from proof of concept to proof of value. The question facing every company deploying AI tools is no longer whether the technology works — but whether it delivers measurable productivity gains across an organization, not just within engineering teams.\n\nThe usage data suggests that the answer, at least for Cowork, is emerging in an unexpected place. It\'s not in the glamorous work of building software or conducting research. It\'s in the unglamorous, universal labor of turning messy information into structured outputs that move organizations forward — the status reports, the onboarding checklists, the variance memos, the client decks.\n\nBy untethering that capability from the desktop and making it available on every device, Anthropic is betting that the most valuable AI agent isn\'t the one that writes code. It\'s the one that handles everything else.','2026-07-07 11:00:00','2026-07-09 00:56:33',2099,11,'2ee17d7b13b10b2a8f34764c052e73bb1f213a192789ddd977edc3f9561fd8a5','2026-07-09 00:56:33','2026-07-09 00:56:33'),(84,'https://techcrunch.com/2026/07/08/truecaller-clashes-with-indias-telecom-regulator-over-anti-spam-rules/',1,20,'Truecaller clashes with India’s telecom regulator over anti-spam rules','Truecaller has opened a public fight with India’s telecom regulator over rules governing caller ID apps, saying the country’s anti-spam framework is making it harder to protect consumers from unwanted calls in its biggest market.','Truecaller has opened a public fight with India’s telecom regulator over rules governing caller ID apps, saying the country’s anti-spam framework is making it harder to protect consumers from unwanted calls in its biggest market.\n\nOn Wednesday, CEO Rishit Jhunjhunwala (pictured above) took to X to publicly challenge the Telecom Regulatory Authority of India (TRAI), accusing the watchdog of preventing Truecaller from displaying community-reported spam information for calls from the country’s dedicated 1400 and 1600 number series, a restriction he said had enabled abuse of those numbers and eroded trust in legitimate business calls.\n\nThe dispute stems from a framework introduced in 2024 under which India’s telecom authorities designated the 1400 and 1600 number series for commercial communications, with businesses using the former for telemarketing calls and the latter for service- and transaction-related calls. TRAI later mandated the migration to the dedicated numbering series, saying the move would help consumers identify legitimate business communications and curb spam and scam calls.\n\nThe framework was rolled out amid growing concerns over spam and scam calls in India, one of the world’s largest telecom markets, where regulators and telecom operators have rolled out multiple measures to curb fraudulent communications. Last year, the Indian communications ministry said authorities disconnected more than 2.1 million fraudulent mobile numbers and took action against more than 100,000 entities over the preceding year, underscoring the scale of the challenge.\n\nJhunjhunwala argued the policy has produced unintended consequences. Citing internal company data, he said consumers have increasingly lost trust in the designated number series, with Truecaller users ignoring 81% of calls from the 1400 series and 79% from the 1600 series over the past eight months. During the same period, users manually blocked 74 million calls from the two number series, while daily blocking actions against 1600-series numbers have more than tripled since October 2025, he said.\n\nUnable to mark those numbers as spam, Truecaller instead introduced a “Frequently Blocked” badge to alert users when a number from the designated series has been blocked by many people.\n\nThe unusually public criticism came after Indian business daily The Economic Times reported that TRAI had sought powers under India’s Information Technology Act to take action against caller ID apps such as Truecaller, Hiya, and Whoscall for labeling numbers from the designated 1400 and 1600 series as spam.\n\nTRAI and India’s Ministry of Electronics and Information Technology, which would consider any such proposal, did not immediately respond to requests for comment.\n\nThe dispute comes at a pivotal time for Truecaller, whose core caller ID business has been facing growing regulatory and competitive pressures as the company expands into new products and services . India remains its largest market by a wide margin, with more than 350 million of its 500 million monthly active users based in the country, according to the company.\n\nJhunjhunwala said Truecaller would share its data with the Indian IT ministry as part of the regulatory process, arguing that any decision on caller ID apps should be evidence-based.\n\n“Penalize the bad actors, not the ones like Truecaller that make a significant positive impact,” he wrote.','2026-07-08 19:30:00','2026-07-09 03:08:55',515,3,'1ff74e57a27e8cc761e3370dfe348dd990d1f38bdfee8370caae198bc1ba520f','2026-07-09 03:08:55','2026-07-09 03:08:55');
/*!40000 ALTER TABLE `articles` ENABLE KEYS */;
UNLOCK TABLES;

--
-- Table structure for table `authors`
--

DROP TABLE IF EXISTS `authors`;
/*!40101 SET @saved_cs_client     = @@character_set_client */;
/*!50503 SET character_set_client = utf8mb4 */;
CREATE TABLE `authors` (
  `author_id` int NOT NULL AUTO_INCREMENT,
  `source_id` int NOT NULL,
  `display_name` varchar(150) NOT NULL,
  `profile_url` varchar(255) DEFAULT NULL,
  `created_at` timestamp NOT NULL DEFAULT CURRENT_TIMESTAMP,
  PRIMARY KEY (`author_id`),
  UNIQUE KEY `source_id` (`source_id`,`display_name`),
  CONSTRAINT `fk_author_source` FOREIGN KEY (`source_id`) REFERENCES `sources` (`source_id`)
) ENGINE=InnoDB AUTO_INCREMENT=36 DEFAULT CHARSET=utf8mb4 COLLATE=utf8mb4_0900_ai_ci;
/*!40101 SET character_set_client = @saved_cs_client */;

--
-- Dumping data for table `authors`
--

LOCK TABLES `authors` WRITE;
/*!40000 ALTER TABLE `authors` DISABLE KEYS */;
INSERT INTO `authors` VALUES (2,7,'a','c','2026-07-03 17:33:07'),(4,7,'b','c','2026-07-03 17:34:21'),(5,7,'f','c','2026-07-03 17:38:03'),(6,1,'Julie Bort',NULL,'2026-07-07 14:50:13'),(7,1,'Anna Heim',NULL,'2026-07-08 09:13:03'),(8,1,'Kate Park',NULL,'2026-07-08 09:13:03'),(9,1,'Isabelle Johannessen',NULL,'2026-07-08 09:13:03'),(10,1,'Lucas Ropek',NULL,'2026-07-08 09:13:03'),(11,1,'Russell Brandom',NULL,'2026-07-08 09:13:03'),(12,1,'Lauren Forristal',NULL,'2026-07-08 09:13:03'),(13,1,'Sarah Perez',NULL,'2026-07-08 09:13:03'),(14,1,'Zack Whittaker',NULL,'2026-07-08 09:13:03'),(15,1,'Rebecca Bellan',NULL,'2026-07-08 09:13:04'),(16,1,'Sean O\'Kane',NULL,'2026-07-08 09:13:04'),(17,1,'Tim Fernholz',NULL,'2026-07-08 09:13:04'),(18,8,'Jay Peters',NULL,'2026-07-08 19:32:28'),(19,8,'Andrew J. Hawkins',NULL,'2026-07-08 19:32:28'),(20,8,'Sheena Vasani',NULL,'2026-07-08 19:32:28'),(21,8,'Emma Roth',NULL,'2026-07-08 19:32:28'),(22,8,'Sean Hollister',NULL,'2026-07-08 19:32:28'),(23,8,'Cameron Faulkner',NULL,'2026-07-08 19:32:28'),(24,8,'Jennifer Pattison Tuohy',NULL,'2026-07-08 19:32:28'),(25,8,'Thomas Ricker',NULL,'2026-07-08 19:32:28'),(26,1,'Kirsten Korosec',NULL,'2026-07-09 00:45:03'),(27,1,'Amanda Silberling',NULL,'2026-07-09 00:45:03'),(28,1,'Aisha Malik',NULL,'2026-07-09 00:45:03'),(29,1,'Theresa Loconsolo',NULL,'2026-07-09 00:45:03'),(30,1,'Ivan Mehta',NULL,'2026-07-09 00:45:03'),(31,1,'Marina Temkin',NULL,'2026-07-09 00:45:03'),(32,8,'Brad Bourque',NULL,'2026-07-09 00:45:06'),(33,4,'Michael Nuñez',NULL,'2026-07-09 00:56:33'),(34,4,'VB Staff',NULL,'2026-07-09 00:56:33'),(35,1,'Jagmeet Singh',NULL,'2026-07-09 03:08:55');
/*!40000 ALTER TABLE `authors` ENABLE KEYS */;
UNLOCK TABLES;

--
-- Table structure for table `categories`
--

DROP TABLE IF EXISTS `categories`;
/*!40101 SET @saved_cs_client     = @@character_set_client */;
/*!50503 SET character_set_client = utf8mb4 */;
CREATE TABLE `categories` (
  `category_id` int NOT NULL AUTO_INCREMENT,
  `category_name` varchar(100) NOT NULL,
  `created_at` timestamp NOT NULL DEFAULT CURRENT_TIMESTAMP,
  PRIMARY KEY (`category_id`),
  UNIQUE KEY `category_name` (`category_name`)
) ENGINE=InnoDB AUTO_INCREMENT=29 DEFAULT CHARSET=utf8mb4 COLLATE=utf8mb4_0900_ai_ci;
/*!40101 SET character_set_client = @saved_cs_client */;

--
-- Dumping data for table `categories`
--

LOCK TABLES `categories` WRITE;
/*!40000 ALTER TABLE `categories` DISABLE KEYS */;
INSERT INTO `categories` VALUES (1,'Artificial Intelligence','2026-07-01 11:19:35'),(2,'Cloud Computing','2026-07-01 11:19:35'),(3,'Cybersecurity','2026-07-01 11:19:35'),(4,'Programming','2026-07-01 11:19:35'),(5,'Robotics','2026-07-01 11:19:35'),(6,'Startups','2026-07-01 11:19:35'),(7,'Consumer Technology','2026-07-01 11:19:35'),(8,'Data Science','2026-07-01 11:19:35'),(9,'Artificial intelligenc','2026-07-03 13:14:48'),(10,'AI','2026-07-07 14:50:13'),(11,'Fundraising','2026-07-08 09:13:03'),(12,'','2026-07-08 09:13:03'),(13,'Media & Entertainment','2026-07-08 09:13:03'),(14,'Security','2026-07-08 09:13:03'),(15,'Social','2026-07-08 09:13:04'),(16,'Transportation','2026-07-08 09:13:04'),(17,'Gaming','2026-07-08 19:32:28'),(18,'Gadgets','2026-07-08 19:32:28'),(19,'Tech','2026-07-08 19:32:28'),(20,'Apps','2026-07-09 00:45:03'),(21,'Technology','2026-07-09 00:56:33'),(22,'Orchestration','2026-07-09 00:56:33'),(23,'Tech Policy','2026-07-09 01:38:47'),(24,'Science','2026-07-09 01:38:48'),(25,'Space','2026-07-09 01:38:48'),(26,'Google','2026-07-09 01:38:48'),(27,'Cars','2026-07-09 01:38:48'),(28,'Health','2026-07-09 01:38:48');
/*!40000 ALTER TABLE `categories` ENABLE KEYS */;
UNLOCK TABLES;

--
-- Table structure for table `companies`
--

DROP TABLE IF EXISTS `companies`;
/*!40101 SET @saved_cs_client     = @@character_set_client */;
/*!50503 SET character_set_client = utf8mb4 */;
CREATE TABLE `companies` (
  `company_id` int NOT NULL AUTO_INCREMENT,
  `company_name` varchar(150) DEFAULT NULL,
  `created_at` timestamp NOT NULL DEFAULT CURRENT_TIMESTAMP,
  PRIMARY KEY (`company_id`)
) ENGINE=InnoDB AUTO_INCREMENT=10 DEFAULT CHARSET=utf8mb4 COLLATE=utf8mb4_0900_ai_ci;
/*!40101 SET character_set_client = @saved_cs_client */;

--
-- Dumping data for table `companies`
--

LOCK TABLES `companies` WRITE;
/*!40000 ALTER TABLE `companies` DISABLE KEYS */;
INSERT INTO `companies` VALUES (1,'OpenAI','2026-07-01 11:20:07'),(2,'Microsoft','2026-07-01 11:20:07'),(3,'Google','2026-07-01 11:20:07'),(4,'Meta','2026-07-01 11:20:07'),(5,'Apple','2026-07-01 11:20:07'),(6,'Amazon','2026-07-01 11:20:07'),(7,'NVIDIA','2026-07-01 11:20:07'),(8,'Anthropic','2026-07-01 11:20:07'),(9,'Tesla','2026-07-01 11:20:07');
/*!40000 ALTER TABLE `companies` ENABLE KEYS */;
UNLOCK TABLES;

--
-- Table structure for table `scrape_logs`
--

DROP TABLE IF EXISTS `scrape_logs`;
/*!40101 SET @saved_cs_client     = @@character_set_client */;
/*!50503 SET character_set_client = utf8mb4 */;
CREATE TABLE `scrape_logs` (
  `log_id` int NOT NULL AUTO_INCREMENT,
  `source_id` int NOT NULL,
  `scrape_started_at` timestamp NOT NULL,
  `scrape_completed_at` timestamp NULL DEFAULT NULL,
  `articles_found` int NOT NULL DEFAULT '0',
  `articles_inserted` int NOT NULL DEFAULT '0',
  `status` enum('SUCCESS','FAILED','PARTIAL') NOT NULL,
  `error_message` text,
  `created_at` timestamp NOT NULL DEFAULT CURRENT_TIMESTAMP,
  PRIMARY KEY (`log_id`),
  KEY `fk_scrape_logs_source` (`source_id`),
  CONSTRAINT `fk_scrape_logs_source` FOREIGN KEY (`source_id`) REFERENCES `sources` (`source_id`) ON DELETE RESTRICT ON UPDATE CASCADE
) ENGINE=InnoDB DEFAULT CHARSET=utf8mb4 COLLATE=utf8mb4_0900_ai_ci;
/*!40101 SET character_set_client = @saved_cs_client */;

--
-- Dumping data for table `scrape_logs`
--

LOCK TABLES `scrape_logs` WRITE;
/*!40000 ALTER TABLE `scrape_logs` DISABLE KEYS */;
/*!40000 ALTER TABLE `scrape_logs` ENABLE KEYS */;
UNLOCK TABLES;

--
-- Table structure for table `sources`
--

DROP TABLE IF EXISTS `sources`;
/*!40101 SET @saved_cs_client     = @@character_set_client */;
/*!50503 SET character_set_client = utf8mb4 */;
CREATE TABLE `sources` (
  `source_id` int NOT NULL AUTO_INCREMENT,
  `source_name` varchar(100) NOT NULL,
  `website_url` varchar(500) NOT NULL,
  `rss_feed_url` varchar(500) DEFAULT NULL,
  `country` varchar(100) DEFAULT NULL,
  `language` char(2) NOT NULL DEFAULT 'en',
  `is_active` tinyint(1) NOT NULL DEFAULT '1',
  `created_at` timestamp NOT NULL DEFAULT CURRENT_TIMESTAMP,
  `updated_at` timestamp NOT NULL DEFAULT CURRENT_TIMESTAMP ON UPDATE CURRENT_TIMESTAMP,
  PRIMARY KEY (`source_id`),
  UNIQUE KEY `source_name` (`source_name`),
  UNIQUE KEY `website_url` (`website_url`),
  UNIQUE KEY `rss_feed_url` (`rss_feed_url`)
) ENGINE=InnoDB AUTO_INCREMENT=10 DEFAULT CHARSET=utf8mb4 COLLATE=utf8mb4_0900_ai_ci;
/*!40101 SET character_set_client = @saved_cs_client */;

--
-- Dumping data for table `sources`
--

LOCK TABLES `sources` WRITE;
/*!40000 ALTER TABLE `sources` DISABLE KEYS */;
INSERT INTO `sources` VALUES (1,'TechCrunch','https://techcrunch.com','https://techcrunch.com/feed/','USA','en',1,'2026-07-01 11:19:00','2026-07-01 11:19:00'),(2,'The Verge','https://www.theverge.com','https://www.theverge.com/rss/index.xml','USA','en',1,'2026-07-01 11:19:00','2026-07-01 11:19:00'),(4,'VentureBeat','https://venturebeat.com','https://venturebeat.com/feed/','USA','en',1,'2026-07-01 11:19:00','2026-07-01 11:19:00'),(5,'Youtube','https://www.youtube.com',NULL,NULL,'en',1,'2026-07-03 12:28:01','2026-07-03 12:28:01'),(6,'Google','https://www.google.com',NULL,NULL,'en',1,'2026-07-03 12:33:09','2026-07-03 12:33:09'),(7,'twitter','https://www.twitter.com',NULL,NULL,'en',1,'2026-07-03 12:34:13','2026-07-03 12:34:13'),(8,'TheVerge','https://www.theverge.com/',NULL,NULL,'en',1,'2026-07-08 19:32:28','2026-07-08 19:32:28');
/*!40000 ALTER TABLE `sources` ENABLE KEYS */;
UNLOCK TABLES;

--
-- Table structure for table `tags`
--

DROP TABLE IF EXISTS `tags`;
/*!40101 SET @saved_cs_client     = @@character_set_client */;
/*!50503 SET character_set_client = utf8mb4 */;
CREATE TABLE `tags` (
  `tag_id` int NOT NULL AUTO_INCREMENT,
  `tag_name` varchar(100) NOT NULL,
  `created_at` timestamp NOT NULL DEFAULT CURRENT_TIMESTAMP,
  PRIMARY KEY (`tag_id`),
  UNIQUE KEY `tag_name` (`tag_name`)
) ENGINE=InnoDB AUTO_INCREMENT=173 DEFAULT CHARSET=utf8mb4 COLLATE=utf8mb4_0900_ai_ci;
/*!40101 SET character_set_client = @saved_cs_client */;

--
-- Dumping data for table `tags`
--

LOCK TABLES `tags` WRITE;
/*!40000 ALTER TABLE `tags` DISABLE KEYS */;
INSERT INTO `tags` VALUES (1,'AI','2026-07-07 14:50:13'),(2,'AI scams','2026-07-07 14:50:13'),(3,'fraud detection','2026-07-07 14:50:13'),(4,'Savi','2026-07-07 14:50:13'),(5,'Security','2026-07-07 14:50:13'),(6,'Startups','2026-07-07 14:50:13'),(7,'AI inference','2026-07-08 09:13:03'),(8,'Europe','2026-07-08 09:13:03'),(9,'Exclusive','2026-07-08 09:13:03'),(10,'France','2026-07-08 09:13:03'),(11,'Fundraising','2026-07-08 09:13:03'),(12,'ZML','2026-07-08 09:13:03'),(13,'AI chip','2026-07-08 09:13:03'),(14,'Funding','2026-07-08 09:13:03'),(15,'Intel','2026-07-08 09:13:03'),(16,'North America','2026-07-08 09:13:03'),(17,'SambaNova','2026-07-08 09:13:03'),(18,'SambaNova Systems','2026-07-08 09:13:03'),(19,'startup','2026-07-08 09:13:03'),(20,'United States','2026-07-08 09:13:03'),(21,'Startup Battlefield','2026-07-08 09:13:03'),(22,'Startup Battlefield Australia','2026-07-08 09:13:03'),(23,'Meta','2026-07-08 09:13:03'),(24,'Meta Superintelligence','2026-07-08 09:13:03'),(25,'Muse Image','2026-07-08 09:13:03'),(26,'Anthropic','2026-07-08 09:13:03'),(27,'Decagon','2026-07-08 09:13:03'),(28,'Enterprise','2026-07-08 09:13:03'),(29,'In Brief','2026-07-08 09:13:03'),(30,'Microsoft','2026-07-08 09:13:03'),(31,'OpenAI','2026-07-08 09:13:03'),(32,'tokens','2026-07-08 09:13:03'),(33,'Apps','2026-07-08 09:13:03'),(34,'discord','2026-07-08 09:13:03'),(35,'Social','2026-07-08 09:13:03'),(36,'Gadgets','2026-07-08 09:13:03'),(37,'Google','2026-07-08 09:13:03'),(38,'Google Pixel','2026-07-08 09:13:03'),(39,'Hardware','2026-07-08 09:13:03'),(40,'Figma','2026-07-08 09:13:03'),(41,'vibe coding','2026-07-08 09:13:03'),(42,'media','2026-07-08 09:13:03'),(43,'Media & Entertainment','2026-07-08 09:13:03'),(44,'Netflix','2026-07-08 09:13:03'),(45,'publisher','2026-07-08 09:13:03'),(46,'streaming','2026-07-08 09:13:03'),(47,'cyberattack','2026-07-08 09:13:03'),(48,'cybersecurity','2026-07-08 09:13:03'),(49,'data breach','2026-07-08 09:13:03'),(50,'hacks','2026-07-08 09:13:03'),(51,'claude cowork','2026-07-08 09:13:04'),(52,'coding agent','2026-07-08 09:13:04'),(53,'Creators','2026-07-08 09:13:04'),(54,'social media','2026-07-08 09:13:04'),(55,'X','2026-07-08 09:13:04'),(56,'a16z','2026-07-08 09:13:04'),(57,'bessemer','2026-07-08 09:13:04'),(58,'chemistry','2026-07-08 09:13:04'),(59,'index','2026-07-08 09:13:04'),(60,'VC','2026-07-08 09:13:04'),(61,'Venture','2026-07-08 09:13:04'),(62,'Khosla Ventures','2026-07-08 09:13:04'),(63,'Legal AI','2026-07-08 09:13:04'),(64,'legal tech','2026-07-08 09:13:04'),(65,'Norm','2026-07-08 09:13:04'),(66,'bidbus','2026-07-08 09:13:04'),(67,'carvana','2026-07-08 09:13:04'),(68,'Ibex Investors','2026-07-08 09:13:04'),(69,'Transportation','2026-07-08 09:13:04'),(70,'used car ecommerce platform','2026-07-08 09:13:04'),(71,'hacktivist','2026-07-08 09:13:04'),(72,'us government','2026-07-08 09:13:04'),(73,'autonomous vehicles','2026-07-08 09:13:04'),(74,'defense tech','2026-07-08 09:13:04'),(75,'Forterra','2026-07-08 09:13:04'),(76,'Robotics','2026-07-08 09:13:04'),(77,'Ukraine','2026-07-08 09:13:04'),(78,'tv','2026-07-08 09:13:04'),(84,'Entertainment','2026-07-08 19:32:28'),(85,'Gaming','2026-07-08 19:32:28'),(86,'News','2026-07-08 19:32:28'),(87,'Xbox','2026-07-08 19:32:28'),(88,'Electric Cars','2026-07-08 19:32:28'),(89,'Hands-on','2026-07-08 19:32:28'),(90,'Reviews','2026-07-08 19:32:28'),(91,'Smart Home','2026-07-08 19:32:28'),(92,'Tech','2026-07-08 19:32:28'),(93,'Analysis','2026-07-08 19:32:28'),(94,'Report','2026-07-08 19:32:28'),(95,'Deals','2026-07-08 19:32:28'),(96,'Verge Shopping','2026-07-08 19:32:28'),(97,'Cameras','2026-07-08 19:32:28'),(98,'Drones','2026-07-08 19:32:28'),(99,'Robot','2026-07-08 19:32:28'),(100,'Mobile','2026-07-08 19:32:28'),(101,'Smartwatch','2026-07-08 19:32:28'),(102,'Wearable','2026-07-08 19:32:28'),(103,'PC Gaming','2026-07-08 19:32:28'),(104,'Accessory Reviews','2026-07-08 19:32:28'),(105,'Science','2026-07-08 19:32:28'),(106,'Space','2026-07-08 19:32:28'),(107,'SpaceX','2026-07-08 19:32:28'),(108,'Elon Musk','2026-07-09 00:45:02'),(109,'Government & Policy','2026-07-09 00:45:02'),(110,'SEC','2026-07-09 00:45:02'),(111,'Trump','2026-07-09 00:45:02'),(112,'Twitter','2026-07-09 00:45:02'),(113,'Lovable','2026-07-09 00:45:02'),(114,'menlo ventures','2026-07-09 00:45:02'),(115,'avride','2026-07-09 00:45:03'),(116,'nhtsa','2026-07-09 00:45:03'),(117,'robotaxis','2026-07-09 00:45:03'),(118,'Waymo','2026-07-09 00:45:03'),(119,'deepfakes','2026-07-09 00:45:03'),(120,'synthid','2026-07-09 00:45:03'),(121,'chip manufacturing','2026-07-09 00:45:03'),(122,'European Chips Act','2026-07-09 00:45:03'),(123,'Germany','2026-07-09 00:45:03'),(124,'quantum sensing','2026-07-09 00:45:03'),(125,'quantumdiamonds','2026-07-09 00:45:03'),(126,'Technical University of Munich','2026-07-09 00:45:03'),(127,'autonmous drones','2026-07-09 00:45:03'),(128,'manna aero','2026-07-09 00:45:03'),(129,'ChatGPT','2026-07-09 00:45:03'),(130,'Grok','2026-07-09 00:45:03'),(131,'spacexai','2026-07-09 00:45:03'),(132,'Roost','2026-07-09 00:45:03'),(133,'Equity','2026-07-09 00:45:03'),(134,'general intuition','2026-07-09 00:45:03'),(135,'pim de witte','2026-07-09 00:45:03'),(136,'community notes','2026-07-09 00:45:03'),(137,'fact checking','2026-07-09 00:45:03'),(138,'Google Photos','2026-07-09 00:45:03'),(139,'AI Funding','2026-07-09 00:45:03'),(140,'physical ai','2026-07-09 00:45:03'),(141,'Pim DeWit','2026-07-09 00:45:03'),(142,'Video Game Data','2026-07-09 00:45:03'),(143,'world models','2026-07-09 00:45:03'),(144,'meta ai','2026-07-09 00:45:03'),(145,'privacy','2026-07-09 00:45:03'),(146,'TC','2026-07-09 00:45:03'),(147,'voice model','2026-07-09 00:45:03'),(148,'crypto','2026-07-09 00:45:03'),(149,'Paradigm','2026-07-09 00:45:03'),(150,'ai sovereignty','2026-07-09 00:45:03'),(151,'Prime Intellect','2026-07-09 00:45:03'),(152,'radical ventures','2026-07-09 00:45:03'),(153,'reinforcement learning','2026-07-09 00:45:03'),(154,'driver’s license','2026-07-09 00:45:03'),(155,'insurance','2026-07-09 00:45:03'),(156,'Clio','2026-07-09 00:45:03'),(157,'evergreen','2026-07-09 00:45:03'),(158,'Glean','2026-07-09 00:45:03'),(159,'Gusto','2026-07-09 00:45:03'),(160,'Mercor','2026-07-09 00:45:03'),(161,'revenue','2026-07-09 00:45:03'),(162,'Sierra Ai','2026-07-09 00:45:03'),(163,'ai infrastructure','2026-07-09 00:45:03'),(164,'Apple','2026-07-09 00:45:03'),(165,'Broadcom','2026-07-09 00:45:03'),(166,'chips','2026-07-09 00:45:03'),(167,'wireless chips','2026-07-09 00:45:03'),(168,'Foldable Phones','2026-07-09 00:45:06'),(169,'India','2026-07-09 03:08:55'),(170,'MeitY','2026-07-09 03:08:55'),(171,'TRAI','2026-07-09 03:08:55'),(172,'Truecaller','2026-07-09 03:08:55');
/*!40000 ALTER TABLE `tags` ENABLE KEYS */;
UNLOCK TABLES;

--
-- Table structure for table `technologies`
--

DROP TABLE IF EXISTS `technologies`;
/*!40101 SET @saved_cs_client     = @@character_set_client */;
/*!50503 SET character_set_client = utf8mb4 */;
CREATE TABLE `technologies` (
  `technology_id` int NOT NULL AUTO_INCREMENT,
  `technology_name` varchar(100) DEFAULT NULL,
  `created_at` timestamp NOT NULL DEFAULT CURRENT_TIMESTAMP,
  PRIMARY KEY (`technology_id`)
) ENGINE=InnoDB AUTO_INCREMENT=25 DEFAULT CHARSET=utf8mb4 COLLATE=utf8mb4_0900_ai_ci;
/*!40101 SET character_set_client = @saved_cs_client */;

--
-- Dumping data for table `technologies`
--

LOCK TABLES `technologies` WRITE;
/*!40000 ALTER TABLE `technologies` DISABLE KEYS */;
INSERT INTO `technologies` VALUES (1,'Python','2026-07-01 11:19:47'),(2,'Docker','2026-07-01 11:19:47'),(3,'Kubernetes','2026-07-01 11:19:47'),(4,'TensorFlow','2026-07-01 11:19:47'),(5,'PyTorch','2026-07-01 11:19:47'),(6,'CUDA','2026-07-01 11:19:47'),(7,'MySQL','2026-07-01 11:19:47'),(8,'PostgreSQL','2026-07-01 11:19:47'),(9,'React','2026-07-01 11:19:47'),(10,'Node.js','2026-07-01 11:19:47'),(11,'LangChain','2026-07-01 11:19:47'),(12,'Apache Spark','2026-07-01 11:19:47'),(13,'Python','2026-07-01 11:19:57'),(14,'Docker','2026-07-01 11:19:57'),(15,'Kubernetes','2026-07-01 11:19:57'),(16,'TensorFlow','2026-07-01 11:19:57'),(17,'PyTorch','2026-07-01 11:19:57'),(18,'CUDA','2026-07-01 11:19:57'),(19,'MySQL','2026-07-01 11:19:57'),(20,'PostgreSQL','2026-07-01 11:19:57'),(21,'React','2026-07-01 11:19:57'),(22,'Node.js','2026-07-01 11:19:57'),(23,'LangChain','2026-07-01 11:19:57'),(24,'Apache Spark','2026-07-01 11:19:57');
/*!40000 ALTER TABLE `technologies` ENABLE KEYS */;
UNLOCK TABLES;

--
-- Temporary view structure for view `vw_article_authors`
--

DROP TABLE IF EXISTS `vw_article_authors`;
/*!50001 DROP VIEW IF EXISTS `vw_article_authors`*/;
SET @saved_cs_client     = @@character_set_client;
/*!50503 SET character_set_client = utf8mb4 */;
/*!50001 CREATE VIEW `vw_article_authors` AS SELECT 
 1 AS `article_id`,
 1 AS `title`,
 1 AS `display_name`,
 1 AS `source_name`,
 1 AS `published_at`*/;
SET character_set_client = @saved_cs_client;

--
-- Temporary view structure for view `vw_article_details`
--

DROP TABLE IF EXISTS `vw_article_details`;
/*!50001 DROP VIEW IF EXISTS `vw_article_details`*/;
SET @saved_cs_client     = @@character_set_client;
/*!50503 SET character_set_client = utf8mb4 */;
/*!50001 CREATE VIEW `vw_article_details` AS SELECT 
 1 AS `article_id`,
 1 AS `title`,
 1 AS `summary`,
 1 AS `article_url`,
 1 AS `source_name`,
 1 AS `category_name`,
 1 AS `published_at`,
 1 AS `scraped_at`,
 1 AS `word_count`,
 1 AS `reading_time`*/;
SET character_set_client = @saved_cs_client;

--
-- Temporary view structure for view `vw_article_tags`
--

DROP TABLE IF EXISTS `vw_article_tags`;
/*!50001 DROP VIEW IF EXISTS `vw_article_tags`*/;
SET @saved_cs_client     = @@character_set_client;
/*!50503 SET character_set_client = utf8mb4 */;
/*!50001 CREATE VIEW `vw_article_tags` AS SELECT 
 1 AS `article_id`,
 1 AS `title`,
 1 AS `tag_name`,
 1 AS `source_name`,
 1 AS `published_at`*/;
SET character_set_client = @saved_cs_client;

--
-- Temporary view structure for view `vw_scrape_summary`
--

DROP TABLE IF EXISTS `vw_scrape_summary`;
/*!50001 DROP VIEW IF EXISTS `vw_scrape_summary`*/;
SET @saved_cs_client     = @@character_set_client;
/*!50503 SET character_set_client = utf8mb4 */;
/*!50001 CREATE VIEW `vw_scrape_summary` AS SELECT 
 1 AS `log_id`,
 1 AS `source_name`,
 1 AS `scrape_started_at`,
 1 AS `scrape_completed_at`,
 1 AS `articles_found`,
 1 AS `articles_inserted`,
 1 AS `status`*/;
SET character_set_client = @saved_cs_client;

--
-- Temporary view structure for view `vw_technology_mentions`
--

DROP TABLE IF EXISTS `vw_technology_mentions`;
/*!50001 DROP VIEW IF EXISTS `vw_technology_mentions`*/;
SET @saved_cs_client     = @@character_set_client;
/*!50503 SET character_set_client = utf8mb4 */;
/*!50001 CREATE VIEW `vw_technology_mentions` AS SELECT 
 1 AS `article_id`,
 1 AS `title`,
 1 AS `technology_name`,
 1 AS `source_name`,
 1 AS `published_at`*/;
SET character_set_client = @saved_cs_client;

--
-- Dumping routines for database 'techpulse'
--

--
-- Final view structure for view `vw_article_authors`
--

/*!50001 DROP VIEW IF EXISTS `vw_article_authors`*/;
/*!50001 SET @saved_cs_client          = @@character_set_client */;
/*!50001 SET @saved_cs_results         = @@character_set_results */;
/*!50001 SET @saved_col_connection     = @@collation_connection */;
/*!50001 SET character_set_client      = utf8mb4 */;
/*!50001 SET character_set_results     = utf8mb4 */;
/*!50001 SET collation_connection      = utf8mb4_0900_ai_ci */;
/*!50001 CREATE ALGORITHM=UNDEFINED */
/*!50013 DEFINER=`root`@`localhost` SQL SECURITY DEFINER */
/*!50001 VIEW `vw_article_authors` AS select `a`.`article_id` AS `article_id`,`a`.`title` AS `title`,`au`.`display_name` AS `display_name`,`s`.`source_name` AS `source_name`,`a`.`published_at` AS `published_at` from (((`article_authors` `aa` join `articles` `a` on((`aa`.`article_id` = `a`.`article_id`))) join `authors` `au` on((`aa`.`author_id` = `au`.`author_id`))) join `sources` `s` on((`a`.`source_id` = `s`.`source_id`))) */;
/*!50001 SET character_set_client      = @saved_cs_client */;
/*!50001 SET character_set_results     = @saved_cs_results */;
/*!50001 SET collation_connection      = @saved_col_connection */;

--
-- Final view structure for view `vw_article_details`
--

/*!50001 DROP VIEW IF EXISTS `vw_article_details`*/;
/*!50001 SET @saved_cs_client          = @@character_set_client */;
/*!50001 SET @saved_cs_results         = @@character_set_results */;
/*!50001 SET @saved_col_connection     = @@collation_connection */;
/*!50001 SET character_set_client      = utf8mb4 */;
/*!50001 SET character_set_results     = utf8mb4 */;
/*!50001 SET collation_connection      = utf8mb4_0900_ai_ci */;
/*!50001 CREATE ALGORITHM=UNDEFINED */
/*!50013 DEFINER=`root`@`localhost` SQL SECURITY DEFINER */
/*!50001 VIEW `vw_article_details` AS select `a`.`article_id` AS `article_id`,`a`.`title` AS `title`,`a`.`summary` AS `summary`,`a`.`article_url` AS `article_url`,`s`.`source_name` AS `source_name`,`c`.`category_name` AS `category_name`,`a`.`published_at` AS `published_at`,`a`.`scraped_at` AS `scraped_at`,`a`.`word_count` AS `word_count`,`a`.`reading_time` AS `reading_time` from ((`articles` `a` join `sources` `s` on((`a`.`source_id` = `s`.`source_id`))) join `categories` `c` on((`a`.`category_id` = `c`.`category_id`))) */;
/*!50001 SET character_set_client      = @saved_cs_client */;
/*!50001 SET character_set_results     = @saved_cs_results */;
/*!50001 SET collation_connection      = @saved_col_connection */;

--
-- Final view structure for view `vw_article_tags`
--

/*!50001 DROP VIEW IF EXISTS `vw_article_tags`*/;
/*!50001 SET @saved_cs_client          = @@character_set_client */;
/*!50001 SET @saved_cs_results         = @@character_set_results */;
/*!50001 SET @saved_col_connection     = @@collation_connection */;
/*!50001 SET character_set_client      = utf8mb4 */;
/*!50001 SET character_set_results     = utf8mb4 */;
/*!50001 SET collation_connection      = utf8mb4_0900_ai_ci */;
/*!50001 CREATE ALGORITHM=UNDEFINED */
/*!50013 DEFINER=`root`@`localhost` SQL SECURITY DEFINER */
/*!50001 VIEW `vw_article_tags` AS select `a`.`article_id` AS `article_id`,`a`.`title` AS `title`,`t`.`tag_name` AS `tag_name`,`s`.`source_name` AS `source_name`,`a`.`published_at` AS `published_at` from (((`article_tags` `at` join `articles` `a` on((`at`.`article_id` = `a`.`article_id`))) join `tags` `t` on((`at`.`tag_id` = `t`.`tag_id`))) join `sources` `s` on((`a`.`source_id` = `s`.`source_id`))) */;
/*!50001 SET character_set_client      = @saved_cs_client */;
/*!50001 SET character_set_results     = @saved_cs_results */;
/*!50001 SET collation_connection      = @saved_col_connection */;

--
-- Final view structure for view `vw_scrape_summary`
--

/*!50001 DROP VIEW IF EXISTS `vw_scrape_summary`*/;
/*!50001 SET @saved_cs_client          = @@character_set_client */;
/*!50001 SET @saved_cs_results         = @@character_set_results */;
/*!50001 SET @saved_col_connection     = @@collation_connection */;
/*!50001 SET character_set_client      = utf8mb4 */;
/*!50001 SET character_set_results     = utf8mb4 */;
/*!50001 SET collation_connection      = utf8mb4_0900_ai_ci */;
/*!50001 CREATE ALGORITHM=UNDEFINED */
/*!50013 DEFINER=`root`@`localhost` SQL SECURITY DEFINER */
/*!50001 VIEW `vw_scrape_summary` AS select `sl`.`log_id` AS `log_id`,`s`.`source_name` AS `source_name`,`sl`.`scrape_started_at` AS `scrape_started_at`,`sl`.`scrape_completed_at` AS `scrape_completed_at`,`sl`.`articles_found` AS `articles_found`,`sl`.`articles_inserted` AS `articles_inserted`,`sl`.`status` AS `status` from (`scrape_logs` `sl` join `sources` `s` on((`sl`.`source_id` = `s`.`source_id`))) */;
/*!50001 SET character_set_client      = @saved_cs_client */;
/*!50001 SET character_set_results     = @saved_cs_results */;
/*!50001 SET collation_connection      = @saved_col_connection */;

--
-- Final view structure for view `vw_technology_mentions`
--

/*!50001 DROP VIEW IF EXISTS `vw_technology_mentions`*/;
/*!50001 SET @saved_cs_client          = @@character_set_client */;
/*!50001 SET @saved_cs_results         = @@character_set_results */;
/*!50001 SET @saved_col_connection     = @@collation_connection */;
/*!50001 SET character_set_client      = utf8mb4 */;
/*!50001 SET character_set_results     = utf8mb4 */;
/*!50001 SET collation_connection      = utf8mb4_0900_ai_ci */;
/*!50001 CREATE ALGORITHM=UNDEFINED */
/*!50013 DEFINER=`root`@`localhost` SQL SECURITY DEFINER */
/*!50001 VIEW `vw_technology_mentions` AS select `a`.`article_id` AS `article_id`,`a`.`title` AS `title`,`t`.`technology_name` AS `technology_name`,`s`.`source_name` AS `source_name`,`a`.`published_at` AS `published_at` from (((`article_technologies` `at` join `articles` `a` on((`at`.`article_id` = `a`.`article_id`))) join `technologies` `t` on((`at`.`technology_id` = `t`.`technology_id`))) join `sources` `s` on((`a`.`source_id` = `s`.`source_id`))) */;
/*!50001 SET character_set_client      = @saved_cs_client */;
/*!50001 SET character_set_results     = @saved_cs_results */;
/*!50001 SET collation_connection      = @saved_col_connection */;
/*!40103 SET TIME_ZONE=@OLD_TIME_ZONE */;

/*!40101 SET SQL_MODE=@OLD_SQL_MODE */;
/*!40014 SET FOREIGN_KEY_CHECKS=@OLD_FOREIGN_KEY_CHECKS */;
/*!40014 SET UNIQUE_CHECKS=@OLD_UNIQUE_CHECKS */;
/*!40101 SET CHARACTER_SET_CLIENT=@OLD_CHARACTER_SET_CLIENT */;
/*!40101 SET CHARACTER_SET_RESULTS=@OLD_CHARACTER_SET_RESULTS */;
/*!40101 SET COLLATION_CONNECTION=@OLD_COLLATION_CONNECTION */;
/*!40111 SET SQL_NOTES=@OLD_SQL_NOTES */;

-- Dump completed on 2026-07-09 17:56:38
